access-date,alma_mater,alt,appointer,archive-date,archive-url,attributes,awards,baptised,beatified_by,beatified_date,beatified_place,bgcolour,birth_date,birth_name,birth_place,c,canonized_by,canonized_date,canonized_place,caption,child,children,citizenship,date,death_ billydate,death_cause,death_date,death_place,df,discipline,education,embed,embedded,family,father,feast_day,field,first,honorific_prefix,honorific_suffix,image,image size,image_size,image_upright,imagesize,influenced,influences,institutions,known_for,last,location,major_shrine,major_works,mi,module,mother,movement,name,nationality,native_name,native_name_lang,notable works,notable_works,occupation,office,organization,other_names,p,parents,partner,party,patronage,patrons,practice,practice_name,publisher,relatives,resting_place,resting_place_coordinates,showorder,signature,signature_alt,signature_size,signature_type,significant_advance,significant_awards,significant_buildings,significant_design,significant_projects,spouse,style,term_end,term_start,termlabel,title,training,url,url-status,venerated_in,w,website,work,works,y,years_active
,,,,,,,,,,,,,{{birth date|df=yes|1452|04|15}},Leonardo di ser Piero da Vinci,"possibly [[Anchiano]],{{efn|name=Birthplace}} [[Vinci, Tuscany|Vinci]], {{awrap|[[Republic of Florence]]}}",,,,,"This portrait attributed to [[Francesco Melzi]], {{circa|1515–1518}}, is the only certain contemporary depiction of Leonardo.<ref>{{cite web |title=A portrait of Leonardo c. 1515–18 |publisher=[[Royal Collection Trust]] |url=https://www.rct.uk/collection/912726/a-portrait-of-leonardo |access-date=26 September 2020 |archive-url=https://web.archive.org/web/20201123161405/https://www.rct.uk/collection/912726/a-portrait-of-leonardo |archive-date=23 November 2020}}</ref>{{sfn|Zöllner|2019|p=20}}",,,,,,,{{death date and age|df=yes|1519|5|2|1452|4|15}},"[[Clos Lucé]], [[Amboise]], {{awrap|[[Kingdom of France]]}}",,,Studio of [[Andrea del Verrocchio]],,,[[Da Vinci family|Da Vinci]],,,,,,,Francesco Melzi - Portrait of Leonardo.png<!-- Please consult previous discussions on the talk page before changing this image. It is his only certain contemporary likeness. -->,,,,,,,,{{hlist|Painting|drawing|engineering|anatomical studies|hydrology|botany|optics|geology}},,,,,,,,[[High Renaissance]],Leonardo da Vinci,,,,,{{plainlist| * ''[[Virgin of the Rocks]]'' ({{circa|1483–1493}}) * ''[[Lady with an Ermine]]'' ({{circa|1489–1491|lk=no}}) * ''[[Vitruvian Man|The Vitruvian Man]]'' ({{circa|1490|lk=no}}) * ''[[The Last Supper (Leonardo)|The Last Supper]]'' ({{circa|1495–1498|lk=no}}) * ''[[Mona Lisa]]'' ({{circa|1503–1516|lk=no}})}},,,,,,,,,,,,,,,[[Château d'Amboise]],,,Firma de Leonardo Da Vinci.svg,Signature written in ink in a flowing script,200px }},,,,,,,,,,,,,,,,,,,,,,{{circa|1470–1519}}
,,,,,,,,,,,,,6 March 1475,Michelangelo di Lodovico Buonarroti Simoni,"[[Caprese Michelangelo|Caprese]]<!-- near [[Arezzo]]-->, [[Republic of Florence]]",,,,,"Portrait by [[Daniele da Volterra]], {{circa|1545}}",,,,,,,{{death date and age|df=yes|1564|2|18|1475|3|6}},"[[Rome]], [[Papal States]]",,,,,,,,,{{hlist,,,,Michelangelo Daniele da Volterra (dettaglio).jpg,,,,,,,,,,,,,,{{Infobox person|child=yes,,{{hlist,Michelangelo,,,,,,,,,,,,,,,,,,,,,,,Michelangelo Signature2.svg }},,,,,,,,,,,,,,,,,,,,,,{{ubl,,
,,,,,,,,,,,,,"March 28 or April 6, 1483",Raffaello Santi (or Sanzio),"[[Urbino]], [[Duchy of Urbino]]",,,,,"{{lower|0.15em|Presumed self-portrait of Raphael<ref>Jones and Penny, {{p.|171}}. The portrait of Raphael is probably ""a later adaptation of the one likeness which all agree on"": that in ''[[The School of Athens]]'', vouched for by [[Giorgio Vasari|Vasari]].</ref>}}",,,,,,,"April 6, 1520 (aged 37)","[[Rome]], [[Papal States]]",,,,,,,,,{{flatlist| *[[Painting]] *[[architecture]] }},,,,Raffaello Sanzio.jpg,,,,,,,,,,,,,,,,,Raphael,,,,,,,,,,,,,,,,,,,,"The [[Pantheon, Rome|Pantheon]], [[Rome]]",,,,,,,,,,,,,,,,,,,,,,,,,,,
,,,,,,,,,,,,,{{c.|1386}},Donato di Niccolò di Betto Bardi,[[Republic of Florence]],,,,,"Donatello, an imagined 16th-century portrait by an unknown artist<ref>{{cite web |title=Cinq maîtres de la Renaissance florentine : Giotto, Uccello, Donatello, Manetti, Brunelleschi |trans-title=Five masters of the Florentine renaissance |author=Unknown master |website=[[Le Louvre]] |date=19 December 2023 |url=https://collections.louvre.fr/en/ark:/53355/cl010065510}}</ref>{{efn|The former attribution to [[Paolo Uccello]] is no longer accepted.}}",,,,,,,{{death date and age|df=y|1466|12|13|1386}},Republic of Florence,,,,,,,,,Sculpture,,,,"Five Famous Men of the Florentine Renaissance, Donatello (cropped).jpg",,,,,,,,,,,,,,,,[[Early Renaissance]],Donatello,[[Republic of Florence|Florentine]],,,,,,,,,,,,,,,,,,,,,,,,,,,,,,,,,,,,,,,,,,,,"''[[Saint George (Donatello)|Saint George]]'' <br> ''[[David (Donatello, bronze)|David]]'' <br> ''[[Equestrian Monument of Gattamelata]]'' }}",,
,,,,,,,,,,,,,"{{circa|1445}}<ref name=""Ettl"">Ettlingers, 7. Other sources give 1446, 1447 or 1444–45.</ref><!-- Please do not change this because there is no reliable source for his date of birth. If you believe you have confirmable date, please present it at the article talk page first. -->",Alessandro di Mariano di Vanni Filipepi,"[[Florence]], [[Republic of Florence]] {{small|(now Italy)}}",,,,,"Probable [[self-portrait]] of Botticelli, in his ''[[Adoration of the Magi (Botticelli, 1475)|Adoration of the Magi]]'' (1475)",,,,,,,"{{death date and age|1510|5|17|1445|||mf=y}}<ref>{{cite web | title=Sandro Botticelli – Biography and Legacy |url=https://www.theartstory.org/artist/botticelli-sandro/life-and-legacy/ | website=theartstory.org}}.</ref><ref>{{cite web |title=Botticelli in the Florence of Lorenzo the Magnificent | first1=Bruce |last1=Edelstein |publisher=[[Sotheby's]] |date=Dec 21, 2020 | url=https://www.sothebys.com/en/articles/botticelli-in-the-florence-of-lorenzo-the-magnificent}}.</ref>","Florence, Republic of Florence",,,,,,,,,Painting,,,,Sandro Botticelli 083.jpg,,,,,,,,,,,,,,{{Infobox person|child=yes,,[[Italian Renaissance]],Sandro Botticelli,Italian,,,,,,,,,,,,,,,,,,,,,,Botticelli Sandro 1444-1510 01 deWP.jpg}} }},,,,,,,,,,,,,,,[[Filippo Lippi]],,,,,,,''[[Primavera (painting)|Primavera]]'' <br> ''[[The Birth of Venus]]''<br>''[[Adoration of the Magi of 1475 (Botticelli)|The Adoration of the Magi]]'' <br> [[List of works by Sandro Botticelli|Other works]],,
,,,,,,,,,,,,,29 September 1571,Michelangelo Merisi (or Amerighi) da Caravaggio,"[[Milan]], [[Duchy of Milan]]<ref name=carm>{{cite news|last1=Carminati|first1=Marco|title=Caravaggio da Milano|url=http://www.ilsole24ore.com/art/SoleOnLine4/Tempo%20libero%20e%20Cultura/2007/06/carminati-caravaggio.shtml?uuid=4d415878-19a4-11dc-ac19-00000e251029|access-date=28 July 2016|date=25 February 2007|language=it}}</ref>",,,,,"Chalk portrait of Caravaggio by [[Ottavio Leoni]], {{circa|1621}}",,,,,,,{{death date and age|1610|07|18|1571|09|29|df=y}},"[[Porto Ercole]],<br/>[[State of the Presidi]]",,,,,,,,,[[Painting]],,,,"Bild-Ottavio Leoni, Caravaggio.jpg",,,0.9,,,,,,,,,,,{{Infobox person|child=yes,,,Caravaggio,,,,,,,,,,,,,,,Cardinal [[Francesco Maria del Monte]]<br/>[[Alof de Wignacourt]],,,,,,,,Caravaggio autograph.svg}} }},,,,,,,,,,,,,,,[[Simone Peterzano]],,,,,,,{{unbulleted list  Cardsharp (I Bari) is Caravaggio’s masterpiece.,,
,,,,,,,,,,,,,{{circa|1488/90}},Tiziano Vecellio,"[[Pieve di Cadore]], [[Republic of Venice]]",,,,,"''[[Self-Portrait (Titian, Madrid)|Self-Portrait]]'', {{circa|1567}}, now housed in {{Lang|es|[[Museo del Prado]]|italic=no}} in [[Madrid]]",,,,,,,{{death date and age|1576|8|27|1488|df=y}},"[[Venice]], Republic of Venice",,,,,,,,,,,,,Tizian 090.jpg,,,1,,,,,,,,,,,,,[[Venetian school (art)|Venetian school]],Titian,[[Italians|Italian]],,,,,[[Artist]],,,,,,,,,,,,,,,,,"Titian, Tiziano Vecellio 1488-1576 01 Signature.jpg }}",,,,,,,,,,,,,,,,,,,,,,{{unbulleted list,,
,,,,,,,,,,,,,28 June 1577,,"[[Siegen]], [[County of Nassau|Nassau-Dillenburg]], [[Holy Roman Empire]]",,,,,"''[[Self-Portrait (Rubens, Antwerp)|Self-Portrait]]'', [[Rubenshuis]] ({{circa|1623|1630}})",,,,,,,{{death date and age|df=yes|1640|5|30|1577|6|28}},"[[Antwerp]], [[Spanish Netherlands]]",,,,,,,,,"[[Painting]], [[drawing]], tapestry design, print design",,[[Sir]],,Peter Paul Rubens - Self-portrait - RH.S.180 - Rubenshuis (after restoration).jpg,,,,,,,,,,,,,,,,[[Flemish Baroque painting|Flemish]] [[Baroque]],Peter Paul Rubens,[[Flemish people|Flemish]],,,,,,,,,,,,,,,,,,,,,,,,,,,,,,,{{plainlist| * {{Marriage|[[Isabella Brant]]|1609|1626|end=died}} * {{Marriage|[[Helena Fourment]]|1630<!--Don't add his death per template instructions-->}} }},,,,,,[[Tobias Verhaecht]]<br />[[Adam van Noort]]<br />[[Otto van Veen]],,,,,,,,,
,,,,,,,,,,,,,"{{Birth date|df=y|1606|7|15}}<ref name=""BY"">Or possibly 1607 as on 10 June 1634 he himself claimed to be 26 years old. See [http://www.codart.nl/news/82/ Is the Rembrandt Year being celebrated one year too soon? One year too late?] {{Webarchive|url=https://web.archive.org/web/20101121211856/http://codart.nl/news/82/ |date=21 November 2010 }} and {{in lang|nl}} J. de Jong, [http://www.nd.nl/artikelen/2006/februari/03/rembrandts-geboortejaar-een-jaar-te-vroeg-gevierd Rembrandts geboortejaar een jaar te vroeg gevierd] {{Webarchive|url=https://web.archive.org/web/20100718111837/http://www.nd.nl/artikelen/2006/februari/03/rembrandts-geboortejaar-een-jaar-te-vroeg-gevierd |date=18 July 2010 }} for sources concerning Rembrandt's birth year, especially supporting 1607. However, most sources continue to use 1606.</ref>",Rembrandt Harmenszoon van Rijn,"[[Leiden]], Dutch Republic",,,,,''[[Self-Portrait with Beret and Turned-Up Collar]]'' (1659),,"2, including [[Titus van Rijn|Titus]]",,,,,{{Death date and age|1669|10|4|1606|7|15|df=y}},"[[Amsterdam]], Dutch Republic",,,,,,,,,"[[Painting]], [[printmaking]], [[drawing]]",,,,Rembrandt van Rijn - Self-Portrait - Google Art Project.jpg,,220,,,,,,,,,,,,{{Infobox person|child=yes,,[[Dutch Golden Age painting|Dutch Golden Age]]<br />[[Baroque]],Rembrandt,,,,,,,,,,,,,,,,,,,,,,,Rembrandt autograph.svg}} }},,,,,,,,,{{marriage|[[Saskia van Uylenburgh]]|1634|1642|end=died}},,,,,,[[Jacob van Swanenburg]] <br /> [[Pieter Lastman]],,,,,,,"[[Self-portraits by Rembrandt|Self-portraits]]<br />''[[The Anatomy Lesson of Dr. Nicolaes Tulp]]'' (1632)<br />''[[The Storm on the Sea of Galilee]]'' (1633)<br />''[[Belshazzar's Feast (Rembrandt)|Belshazzar's Feast]]'' (1635–1638)<br />''[[The Night Watch]]'' (1642)<br />''[[The Hundred Guilder Print]]'' (etching, c.&nbsp;1647–1649)<br />''[[Bathsheba at Her Bath (Rembrandt)|Bathsheba at Her Bath]]'' (1654)<br />''[[Syndics of the Drapers' Guild]]'' (1662)<br />''[[The Return of the Prodigal Son (Rembrandt)|The Return of the Prodigal Son]]'' (1661–1669)",,
,,,,,,,,,,,,,[[Baptism|baptised]] 31 October 1632,Johannes Vermeer,"[[Delft]], [[County of Holland]], [[Dutch Republic]]",,,,,"Detail of the painting ''[[The Procuress (Vermeer)|The Procuress]]'' ({{circa|1656}}), believed to be a [[self-portrait]] by Vermeer<ref>{{cite web |url=http://www.essentialvermeer.com/lost_vermeer_self_portrait_baron_rolin/procuress_self-portrait.html |author-first=Jon |author-last=Boone |title=The Procuress: Evidence for a Vermeer Self-Portrait |access-date=13 September 2010 |work=Essential Vermeer |archive-date=3 May 2021 |archive-url=https://web.archive.org/web/20210503202933/http://www.essentialvermeer.com/lost_vermeer_self_portrait_baron_rolin/procuress_self-portrait.html |url-status=dead }}</ref>",,,,,,,{{Death date and age|1675|12|15|1632|10|31|df=yes}},"Delft, County of Holland, Dutch Republic",,,,,,,,,Painting,,,,Cropped version of Jan Vermeer van Delft 002.jpg,,,,,,,,,,,,,,,,[[Dutch Golden Age painting|Dutch Golden Age]] <br/> [[Baroque painting|Baroque]],Johannes Vermeer,,,,,,,,,,,,,,,,,,,,,,,Vermeer autograph.svg }},,,,,,,,,[[Catharina Bolnes]],,,,,,,,,,,,,"[[List of paintings by Johannes Vermeer|34 works universally attributed]]<ref name=""Janson"">{{cite web |author-first=Jonathan |author-last=Janson |url=http://www.essentialvermeer.com/vermeer_painting_part_one.html |work=Essential Vermeer |title=Complete Vermeer Catalogue & Tracker |access-date=16 June 2010}}</ref>",,
,,,,,,,,,,,,,{{birth date|df=yes|1840|11|14}},Oscar-Claude Monet,"Paris, France",,,,,Monet {{Circa|1899}},,{{cslist|[[Jean Monet (son of Claude Monet)|Jean]]|[[Michel Monet|Michel]]}},,,,,{{death date and age|df=yes|1926|12|5|1840|11|14}},"[[Giverny]], France",,,{{cslist|[[Académie Suisse]]|{{Lang|fr|[[Beaux-Arts de Paris]]|italic=no}}}},,,,,,Painting,,,,Claude Monet 1899 Nadar crop.jpg,,,,,,,,,,,,,,{{Infobox person|child=yes,,[[Impressionism]],Claude Monet,<!-- use only when necessary per [[WP:INFONAT]] -->,,,,,,,,,,,,,,{{cslist|[[Gustave Caillebotte]]|[[Ernest Hoschedé]]|[[Georges Clemenceau]]|[[Sergei Shchukin]]}},,,,,,,,Claude Monet Signature.svg}} }},,,,,,,,,{{ubl|{{marriage|[[Camille Doncieux]]|1870|1879|reason=died}}|{{marriage|[[Alice Hoschedé]]|1892|1911|reason=died}}}},,,,,,,,,,,,,"{{ubl|''[[Impression, Sunrise]]''|[[Rouen cathedral (Monet painting)|''Rouen Cathedral'' series]]|[[London Parliament (Monet painting)|''London Parliament'' series]]|''[[Water Lilies (Monet series)|Water Lilies]]''|''[[Haystacks (Monet series)|Haystacks]]''|''[[Poplars (Monet series)|Poplars]]''|[[List of paintings by Claude Monet|List of paintings]]}}",,1865–1926
,,,,,,,,,,,,,{{birth date|df=yes|1834|7|19}},Hilaire-Germain-Edgar De Gas,"[[Paris]], France",,,,,"Self-portrait (''Degas Saluant''), 1863",,,,,,,{{death date and age|df=yes|1917|9|27|1834|7|19}},"Paris, France",,,,,,,,,"Painting, sculpture, drawing",,,,Self-portrait by Edgar Degas.jpg,,,1,,,,,,,,,,,,,[[Impressionism]],Edgar Degas,,,,,,,,,,,,,,,,,,,,,,,,,,,,,,,,,,,,,,,,,,,,,"{{plainlist| * {{Nowrap|''[[The Bellelli Family]]'' (1858–1867)}} * ''[[A Cotton Office in New Orleans]]'' (1873) * ''[[The Ballet Class (Degas, Musée d'Orsay)|The Ballet Class]]'' (1871–1874) * ''[[L’Absinthe|The Absinthe]]'' (1875–1876) * ''[[The Tub]]'' (1886) }}",,
,,Photograph of Paul Cézanne,,,,,,,,,,,{{Birth date|df=yes|1839|1|19}},,"[[Aix-en-Provence]], France",,,,,Cézanne in 1899,,,,,,,{{Death date and age|df=yes|1906|10|22|1839|1|19}},"Aix-en-Provence, France",,,,,,,,,,,,,Paul-Cezanne.jpg,,,,,,,,Painting,,,,,,,,"[[Impressionism]], [[Post-Impressionism]]",Paul Cézanne,French,,,,"''[[Mont Sainte-Victoire (Cézanne)|Mont Sainte-Victoire]]'' (1885–1906)<br />''Apothéose de Delacroix'' (1890–1894)<br />{{lang|fr|[[Rideau, Cruchon et Compotier]]}} (1893–94)<br />''[[The Card Players]]'' (1890–1895)<br />''[[The Bathers (Cézanne)|The Bathers]]'' (1898–1905)<br />''[[Pyramid of Skulls]]'' ({{Circa|1901}})",,,,,,,,,,,,,,,[[Saint-Pierre Cemetery (Aix-en-Provence)|Saint-Pierre Cemetery]],,,Cezanne autograph.svg }},,,,,,,,,,,,,,,[[Académie Suisse]]<br />[[Aix-Marseille University]],,,,,,,,,
,,"A head and shoulders portrait of a thirty-something man, with a red beard, facing to the left",,,,,,,,,,,{{birth date|1853|3|30|df=y}},Vincent Willem van Gogh,"[[Zundert]], Netherlands",,,,,"''[[Portraits of Vincent van Gogh#Paris 1887|Self-Portrait]]'', {{circa}}1887, [[Art Institute of Chicago]]",,,,,,[[Death of Vincent van Gogh|Self-inflicted gunshot wound to the chest]],{{death date and age|df=yes|1890|7|29|1853|3|30}},"[[Auvers-sur-Oise]], France",,,{{ubl|[[Royal Academy of Fine Arts (Antwerp)|Royal Academy of Fine Arts]]|{{lang|fr|[[Académie Royale des Beaux-Arts]]|italic=no}}}},,,[[Theo van Gogh (art dealer)|Theo van Gogh]] (brother)<br/>[[Wil van Gogh]] (sister),,,,,,,Vincent van Gogh - Self-Portrait - Google Art Project (454045).jpg,,,,,,,,,,,,,,,,[[Post-Impressionism]],Vincent van Gogh,,,,,{{ubl|''[[Sunflowers (van Gogh series)|Sunflowers]]'' (1887)|''[[Bedroom in Arles]]'' (1888)|''[[The Starry Night]]'' (1889)|''[[Wheatfield with Crows]]'' (1890)|''[[At Eternity's Gate|Sorrowing Old Man]]'' (1890)}},,,,,,,,,,,,,,,,,,Vincent van Gogh signature (Vincent).svg }},,,,,,,,,,,,,,,,,,,,,,,,1881–1890
,,Black-and-white photo of Picasso in a coat,,,,,{{plainlist| * [[Lenin Peace Prize]]}},,,,,,{{birth date|df=yes|1881|10|25}},"Pablo Diego José Francisco de Paula Juan Nepomuceno María de los Remedios Cipriano de la Santísima Trinidad Ruiz y Picasso<ref name=""CatRez"">{{cite book |last1=Daix |first1=Pierre |title=Picasso, 1900–1906: catalogue raisonné de l'oeuvre peint |year=1988 |publisher=Editions Ides et Calendes |pages=1–106 |url=https://books.google.com/books?id=MlNGAQAAIAAJ |language=fr}}</ref>","[[Málaga]], Spain",,,,,Picasso in 1962,,{{plainlist| * [[Paulo Picasso]] * [[Maya Widmaier-Picasso]] * [[Claude Picasso]] * [[Paloma Picasso]] }},,,,,{{death date and age|df=yes|1973|4|8|1881|10|25}},"[[Mougins]], France",,,,,,{{plainlist| * [[Marina Picasso]] (granddaughter) * [[Bernard Ruiz-Picasso]] (grandson)}},[[José Ruiz y Blasco]],,"[[Painting]], [[drawing]], [[sculpture]], [[printmaking]], [[Ceramics (art)|ceramics]], [[Scenic design|stage design]], [[writing]]",,,,Pablo picasso.jpg,,,,,,,,,,,,,,{{Listen|pos=center|embed=yes|filename=10 PABLO PICASO.ogg|title=Pablo Picasso's voice|type=speech|description=Recorded c. 1960s}} }} }},María Picasso y López,"[[Cubism]], [[Surrealism]]",Pablo Picasso,,,,,,,,,,,,{{plainlist| * [[Fernande Olivier]] (1905–1912) * [[Eva Gouel]] (1912–1915) * [[Gabrielle Depeyre]] (1915–1916) * Irène Lagut (1916–1917) * [[Marie-Thérèse Walter]] (1927–1935) * [[Dora Maar]] (1935–1943) * [[Françoise Gilot]] (1943–1953)}},,,{{plainlist| * [[Eugenia Errázuriz]] * [[Sergei Shchukin]] * [[Gertrude Stein]]}},,,,,[[Château of Vauvenargues]],{{Coord|43.554142|5.604438|region:FR-13_type:landmark}},,Picasso Signatur-DuMont 1977.svg,,,,,,,,,{{plainlist| * {{marriage|[[Olga Khokhlova]]|1918|1941|end=sep.}} * {{marriage|[[Jacqueline Roque]]|1961}}}},,,,,,{{plainlist| * [[Real Academia de Bellas Artes de San Fernando]]}},,,,,,,{{plainlist| * ''[[La Vie (painting)|La Vie]]'' (1903) * ''[[The Old Guitarist]]'' (1903–1904) * ''[[Family of Saltimbanques]]'' (1905) * ''[[Les Demoiselles d'Avignon]]'' (1907) * ''[[Portrait of Daniel-Henry Kahnweiler]]'' (1910) * ''[[Three Musicians (Picasso)|Three Musicians]]'' (1921) * ''[[Girl before a Mirror]]'' (1932) * ''[[Le Rêve (Picasso)|Le Rêve]]'' (1932) * ''[[Guernica (Picasso)|Guernica]]'' (1937) * ''[[The Weeping Woman]]'' (1937) * [[Chicago Picasso]] (1967)}},,1897–1973
,,,,,,,,,,,,,{{birth date|1904|5|11|df=y}},Salvador Domingo Felipe Jacinto Dalí Doménech{{efn|name=name}},"[[Figueres]], Catalonia, [[Restoration (Spain)|Spain]]",,,,,Dalí in 1939,,,,,,,{{death date and age|1989|01|23|1904|05|11|df=y}},"Figueres, Catalonia, Spain",,,,,,,,,"Painting, drawing, photography, sculpture, writing, film, and jewelry",,"[[The Most Excellent]]<ref>{{Cite web |url=http://www.boe.es/aeboe/consultas/bases_datos/doc.php?id=BOE-A-1989-4234 |title=Boletín Oficial del Estado, the official gazette of the Spanish government |access-date=31 July 2010 |archive-date=30 June 2012 |archive-url=https://archive.today/20120630120254/http://www.boe.es/aeboe/consultas/bases_datos/doc.php?id=BOE-A-1989-4234 |url-status=dead }}</ref>",[[Order of Isabella the Catholic|GYC]],Salvador Dalí 1939.jpg,,,,,,,,,,,,,,,,"[[Cubism]], [[Dada]], [[Surrealism]]",,,,,,,,,,,,,,,,,,,,,"[[Crypt]] at [[Dalí Theatre and Museum]], Figueres",,,Salvador dali signature.svg }},,,,,,,,,{{marriage|[[Gala Dalí]]|1934|1982|end=died}},,,,,,"[[Real Academia de Bellas Artes de San Fernando|San Fernando School of Fine Arts]], Madrid, Spain",,,,,,,{{plainlist| * ''[[The Persistence of Memory]]'' (1931) * ''[[Soft Construction with Boiled Beans (Premonition of Civil War)]]'' (1936) * ''[[Dream Caused by the Flight of a Bee Around a Pomegranate a Second Before Awakening]]'' (1944) * ''[[Christ of Saint John of the Cross]]'' (1951) * ''[[Galatea of the Spheres]]'' (1952) * ''[[Crucifixion (Corpus Hypercubus)]]'' (1954) * ''[[The Ecumenical Council (painting)|The Ecumenical Council]]'' (1960) * ''[[The Hallucinogenic Toreador]]'' (1970)}},,
,,,,,,,,,,,,,{{Birth date|df=yes|1869|12|31}},Henri Émile Benoît Matisse,"[[Le Cateau-Cambrésis]], France<!--See MOS:GEOLINK-->",,,,,Matisse in 1913,,"3, including [[Pierre Matisse|Pierre]]",,,,,{{Death date and age|df=yes|1954|11|3|1869|12|31}},"[[Nice]], France",,,,,,,,,{{hlist|Painting|[[printmaking]]|sculpture|drawing|[[collage]]}},,,,"Henri Matisse, 1913, photograph by Alvin Langdon Coburn.jpg",,,,,,,,,,,,,,{{Infobox person|child=yes,,"[[Fauvism]], [[Modernism]], [[Post-Impressionism]]",Henri Matisse,,,,,,,,,,,,,,,"[[Sergei Shchukin]], [[Gertrude Stein]], [[Etta Cone]], [[Claribel Cone]], [[Sarah Stein]], [[Albert C. Barnes]]",,,,,,,,Matisse autograph.svg}} }},,,,,,,,,{{marriage|Amélie Noellie Parayre|1898|1939|end=div}},,,,,,"{{Lang|fr|[[Académie Julian]]|italic=no}}, [[William-Adolphe Bouguereau]], [[Gustave Moreau]]",,,,,,,''[[Woman with a Hat]]'' (1905)<br />''[[Le bonheur de vivre|The Joy of Life]]'' (1906)<br />''[[Blue Nude (Souvenir de Biskra)|Nu bleu]]'' (1907)<br />''[[Dance (Matisse)|La Danse]]'' (1909)<br />''[[The Red Studio|L'Atelier Rouge]]'' (1911)<br />''[[The Snail]]'' (1953),,
,,,,,,,,,,,,,{{birth date|1912|1|28|mf=y}},Paul Jackson Pollock,"[[Cody, Wyoming]], U.S.",,,,,Pollock's passport picture,,,,,,,{{death date and age|1956|8|11|1912|1|28|mf=y}},"[[Springs, New York]], U.S.",,,[[Art Students League of New York]],,,,,,,,,,Jackson Pollock's passport (cropped).jpg,,,,,,,,[[Painting]],,,,,,,,[[Abstract expressionism]],Jackson Pollock,,,,"* ''[[Number 17A]]'' (1948) * ''[[No. 5, 1948]]'' (1948) * ''[[Mural on Indian Red Ground]]'' (1950) * ''[[Autumn Rhythm (Number 30)|Autumn Rhythm]]'' (1950) * ''[[Convergence (Pollock)|Convergence]]'' (1952) * [[Blue Poles|''Blue Poles'' (''Number 11, 1952'')]] (1952) * ''[[The Deep (painting)|The Deep]]'' (1953) }}",,,,,,,,,,,,,,,,,,,Jackson Pollock Signature.svg,,,,,,,,,{{marriage|[[Lee Krasner]]|1945}},,,,,,,,,,,,,,,
,,,,,,,,,,,,,{{Birth date|1928|8|6}},Andrew Warhola Jr.,"[[Pittsburgh]], Pennsylvania, U.S.",,,,,Warhol in 1980,,,,,,,{{Death date and age|1987|2|22|1928|8|6}},"New York City, U.S.<!-- No boroughs/neighborhoods, just cities per format -->",,,,,,,,,{{hlist|[[Printmaking]]|painting|cinema|photography}},,,,Andy Warhol at the Jewish Museum (by Bernard Gotfryd) – LOC.jpg,,,,,,,,,,,,,,{{Infobox person|child=yes,,[[Pop art]],Andy Warhol,,,,,,,,,,,,[[Jed Johnson (designer)|Jed Johnson]] (1968–1980) }},,,,,,,,"St. John the Baptist Byzantine Catholic Cemetery, [[Bethel Park, Pennsylvania]]",,,Andy Warhol Autograph.svg}},,,,,,,,,,{{hlist|[[Pop art]]|[[contemporary art]]}},,,,,[[Carnegie Institute of Technology]],,,,,,,{{ubl|''[[Chelsea Girls]]'' (1966 film)|''[[Exploding Plastic Inevitable]]'' (1966 event)|''[[Campbell's Soup Cans]]'' (1962 painting)|''[[Marilyn Diptych]]'' (1962 painting)}},,
,,,,,,,,,,,,,,"Magdalena Carmen Frida Kahlo y Calderón <!-- Don't change the spelling; Kahlo was officially ""Frida"" from birth, although she preferred the German spelling ""Frieda"" until the 1930s. -->| birth_date           = {{Birth date|df=yes|1907|7|6}}","[[Coyoacán]], Mexico",,,,,Kahlo in 1932,,,,,,,{{Death date and age|df=yes|1954|7|13|1907|7|6}},"Mexico City, Mexico",,,,,,,,,,,,,"Frida Kahlo, by Guillermo Kahlo.jpg",,,,,,,,,,,,,,,,{{hlist|[[Surrealism]]|[[Magic realism]]|[[Naïve art|Naïve]]}},Frida Kahlo,,,,,,,,,"Magdalena Carmen Frieda Kahlo y Calderón, Frieda Kahlo",,,,,,,,,,,,,,,,,,,,,,,{{plainlist| * {{marriage|[[Diego Rivera]]|1929|1939|end=div}} * {{marriage||1940}} }},,,,,,,,,,,,,,,
,,,,,,,[[National Medal of Arts]] (1985)<br />[[Presidential Medal of Freedom]] (1977)<br />[[Edward MacDowell Medal]] (1972),,,,,,{{birth date|1887|11|15|mf=y}},Georgia Totto O'Keeffe,"[[Sun Prairie (town), Wisconsin|Sun Prairie, Wisconsin]], U.S.",,,,,"O'Keeffe in 1932, photograph by [[Alfred Stieglitz]]",,,,,,,{{death date and age|1986|3|6|1887|11|15|mf=y}},"[[Santa Fe, New Mexico]], U.S.",,,"[[School of the Art Institute of Chicago]]<br />[[Columbia College (South Carolina)|Columbia College]]<br />[[Teachers College, Columbia University]]<br />[[University of Virginia]]<br />[[Art Students League of New York]]",,,[[Ida O'Keeffe]] (sister),,,"Visual arts: painting, sculpture, photography",,,,Georgia O'Keeffe MET DP230868.jpg,,,,,,,,,,,,,,,,"[[American modernism]], [[Precisionism]]",Georgia O'Keeffe,,,,,,,,,,,,,,,,,,,,,,,,,,,,,,,,"{{marriage|[[Alfred Stieglitz]]|1924|July 13, 1946|end=his death}}",,,,,,,,,,,,,{{unbulleted list,,
,,,,,,,,,,,,,{{birth date|mf=yes|1903|9|25}},Markus Yakovlevich Rothkowitz,"[[Dvinsk]], [[Russian Empire]]<br />(now [[Daugavpils]], Latvia)",,,,,"''Mark Rothko, Yorktown Heights'', {{circa|1949}}. [[Brooklyn Museum]], by [[Consuelo Kanaga]].",,,,,,,{{death date and age|mf=yes|1970|2|25|1903|9|25}},"New York City, U.S.",,,,,,,,,,,,,"File:Consuelo Kanaga, Mark Rothko, Yorktown Heights, ca. 1949.jpg",,,,,,,,,,,,,,,,,Mark Rothko,{{Plainlist| * [[Russian Empire]] * American (from 1938) }},,,,,,,,,,,,,,,,,,,,,,,,,,,,,,,,,,,,,,,,,,,,,,
,,,,,,,,,,,,,{{OldStyleDate|16 December|1866|4 December}},Wassily Wassilyevich Kandinsky,"Moscow, [[Russian Empire]]",,,,,"Kandinsky by Adolf Elnain, {{c.|1925}}",,,,,,,{{Death date and age|1944|12|13|1866|12|16|df=y}},"[[Neuilly-sur-Seine]], France",,,,,,,,,Painting,,,,Kandinsky - Vassily Kandinsky by Adolf Elnain Photo credits - Georges Meguerditchian.jpg,,,,,,,,,,,,,,,,[[Expressionism]]; [[abstract art]],Wassily Kandinsky,"Russian, later French",,,,,,,,,,,[[Gabriele Münter]] (1902–1916),,,,,,,,,,,Kandinsky autograph.png }},,,,,,,,,{{ubl|{{marriage|Anja Chimiakina|1892|1911|reason=div}}|{{marriage|[[Nina Kandinsky|Nina Nikolaevna Andreevskaya]]|1917}}}},,,,,,"[[Academy of Fine Arts, Munich]]",,,,,,,"''[[Auf Weiss II (Sur blanc II)|On White II]]'', ''[[The Blue Rider (painting)|Der Blaue Reiter]]''",,
,,,,,,,"{{cslist|1954 [[Venice Biennale]] Grand Prize for Graphic Work|1958 Guggenheim International Award|1980 Gold Medal of Fine Arts, Spain}}",,,,,,{{Birth date|df=y|1893|4|20}},Joan Miró i Ferrà,"[[Barcelona]], [[Catalonia]], Spain",,,,,"Portrait by [[Carl Van Vechten]], 1935",,,,,,,{{Death date and age|df=y|1983|12|25|1893|4|20}},"[[Palma de Mallorca|Palma]], Balearic Islands, Spain",,,,,,,,,"Painting, sculpture, [[mural]] and [[Ceramics (art)|ceramics]]",,,,"Portrait of Joan  Miro, Barcelona 1935 June 13.jpg",,,,,,,,,,,,,,,,[[Surrealism]],Joan Miró,<!-- use only when necessary per [[WP:INFONAT]] -->,,,,,,,,,,,,,,,,,,,,,,"Miró, Joan 1893-1983 02 Signatur.jpg }}",,,,,,,,,{{marriage|Pilar Juncosa Iglésias|12 October 1929}},,,,,,"''Escola de Belles Arts de la Llotja'' and ''Escola d'Art de Francesc Galí, Cercle Artístic de Sant Lluc'', 1907–1913",,,,,,,,,
,,,,,,,,,,,,,{{birth date|df=yes|1879|12|18}},,"[[Münchenbuchsee]], Bern, Switzerland",,,,,Klee in 1926,,,,,,,{{death date and age|df=yes|1940|6|29|1879|12|18}},"[[Muralto]], Ticino, Switzerland",,,,,,,,,"Painting, drawing, watercolor, printmaking",,,,"File:Paul Klee by Hugo Erfurth, 1927.jpg",,,,,,,,,,,,,,,,"[[Expressionism]], [[Bauhaus]], [[Surrealism]]",Paul Klee,German,,,,,,,,,,,,,,,,,,,,,,Klee autograph.svg }},,,,,,,,,,,,,,,"[[Academy of Fine Arts]], Munich",,,,,,,"More than 10,000 paintings, drawings, and etchings, including ''[[Angelus Novus]]'' (1920), ''[[Senecio (Klee)|Senecio]]'' and ''[[Twittering Machine]]'' (1922), ''[[Fish Magic (Klee)|Fish Magic]]'' (1925), ''Viaducts Break Ranks'' (1937).",,
,,,,,,,,,,,,,{{birth date|1886|12|8}},Diego María de la Concepción Juan Nepomuceno Estanislao de la Rivera y Barrientos Acosta y Rodríguez,"[[Guanajuato (city)|Guanajuato]], Mexico",,,,,Rivera in 1957,,,,,,,{{death date and age|1957|11|24|1886|12|8}},"[[Mexico City]], Mexico",,,,,,,,,,,,,Diego Rivera - Google Art Project (cropped).jpg,,,,,,,,,,,,,,,,{{hlist|[[Cubism]] | [[Realism (arts)|Realism]] | [[Mexican muralism]]}},Diego Rivera,,,,,,,,,,,,,,,,,,,,,,,,,,,,,,,,{{Plainlist| * {{marriage|[[Angelina Beloff]]|1911|1921|end=div}} * {{marriage|[[Guadalupe Marín]]|1922|1928|end=div}} * {{marriage|[[Frida Kahlo]] |1929|1939|end=div}} * {{marriage|<!--Frida Kahlo-->|1940|1954|end=d}} * {{marriage|Emma Hurtado|1955}} }},,,,,,,,,,,,,,,
,,,,,,,,,,,,,{{birth date|df=y|1932|4|19}},"Fernando Botero Angulo<ref>Botero, Fernando, and Cynthia Jaffee McCabe. 1979. ''Fernando Botero: Hirshhorn Museum and Sculpture Garden, Smithsonian Institution''. Washington: Smithsonian Institution Press. p. 20. OCLC 5680128</ref>","[[Medellín]], Colombia",,,,,Botero in 2018,,"4, Lina, Juan Carlos, [[Fernando Botero Zea|Fernando]] and Pedro (Died. 1974<ref>País, El (2023-09-15). ""La triste historia de Pedrito, el hijo del artista Fernando Botero y de su segunda esposa, la caleña Cecilia Zambrano"". Noticias de Cali, Valle y Colombia – Periodico: Diario El País {{in lang|es}}. Retrieved 2024-02-23.</ref>)",,,,,{{death date and age|df=y|2023|9|15|1932|4|19}},"[[Monte Carlo]], Monaco",,,,,,,,,{{hlist|Painter|sculptor}},,,,Fernando Botero (2018).jpg,,,,,,,,,,,,,,,,,Fernando Botero,,,,,,,,,,,,,,,,,,,,,,,Botero Signature.jpg }},,,,,,,,,{{plainlist| {{marriage|{{ill|v=ib|Gloria Zea|es}}|1955|1960|reason=divorce}} {{marriage|[[Cecilia Zambrano]]|1964|1975|reason = divorce}}}} {{marriage|[[Sophia Vari]]|1978|5 May 2023|reason = died}},,,,,,,,,,,,,"{{plainlist| * ''Mona Lisa, Age Twelve'' (1959) * ''Pope Leo X (after Raphael)'' (1964) * ''The Presidential Family'' (1967) * ''The Dancers'' (1987) * ''Death of Pablo Escobar'' (1999) * ''[[La paloma de la paz]]'' (2016)}}",,
,,,,,,,,,,,,,{{Birth date|1960|12|22}},,"New York City, U.S.<!--No boroughs/neighborhoods,just cities per format.-->",,,,,Basquiat in 1984,,,,,,,{{Death date and age|1988|8|12|1960|12|22}},"New York City, U.S.",,,,,,,,,,,,,"Andy Warhol, Jean-Michel Basquiat, Bruno Bischofberger and Fransesco Clemente, New York, 1984 (cropped) (2).tif",,,1,,,,,"Painting, drawing",,,,,,,,[[Neo-expressionism]],Jean-Michel Basquiat,,,,,{{plainlist| *''[[Irony of Negro Policeman]]'' (1981) *''[[Untitled (Skull)]]'' (1981) *''[[Untitled (1982 Basquiat skull painting)|Untitled]]'' (1982) *''[[Boy and Dog in a Johnnypump]]'' (1982) *''[[Defacement (The Death of Michael Stewart)|Defacement]]'' (1983) *''[[Hollywood Africans]]'' (1983)}},,,,,,,,,,,,,,,"[[Green-Wood Cemetery]], New York City, U.S.",,,,,,,,,,,,,{{flatlist| *[[Neo-expressionism]] *[[graffiti]] *[[street art]]}},,,,,,,,,,{{Official URL}} }},,,,1978–1988
,,,,,,,,,,,,,,,,,,,,"Banksy art on [[Brick Lane]], [[East End of London]], 2004",,,,,,,,,,,,,,,,,[[Street art]],,,,File:banksy-art.jpg,,,,,,,,,,,,,,,,[[Graffiti]],Banksy,,,,,,,,,,,,,,,,,,,,,,,Banksy signature-removebg-preview.png,,,[[Tag (graffiti)|Tag]],,,,,,,,,,,,,,,,,{{Ubl,,''[[Girl with Balloon]]'',,
,,,,,,,[[Praemium Imperiale]] }},,,,,,{{birth date and age|df=y|1929|3|22}},Yayoi Kusama (草間 彌生),"[[Matsumoto, Nagano]], [[Empire of Japan]]",,,,,Wax model (2012),,,,,,,,,,,,,,,,,{{flatlist| * Painting * drawing * sculpture * [[installation art]] * performance art * film * fiction * fashion * writing}},,,,File:Yayoi Kusama wax model at Louis Vitton.jpg,,,,,,,,,,,,,,,,{{flatlist| * [[Pop art]] * [[minimalism]] * [[feminist art]] * [[environmental art]]}},Yayoi Kusama,,{{lang|ja|草間 彌生}},,,,,,,,,,,,,,,,,,,,,,,,,,,,,,,,,,,,,,,,,{{URL|www.yayoi-kusama.jp}},,,,
,,,,,,,,,,,,,{{birth date and age|df=y|1957|8|28}},,"[[Beijing]], China",艾未未,,,,Ai in 2017,yes,,,,,,,,,,[[Beijing Film Academy]],,,,[[Ai Qing]],,,,,,Aj Wej-wej I (2017).jpg,,,,,,,,,,,,,{{IPAc-cmn|ai|4|-|wei|4|.|wei|4}},{{Listen |embed= yes |filename= Ai Weiwei The Responsibility of an Artist.ogg |title= Weiwei's voice |type= speech |description= On the social responsibility of artists }} {{Infobox Chinese,,[[Excessivism]],Ai Weiwei,Chinese,艾未未 }},,,,,,,,Ài Wèiwèi,,,,,,,,,,,,st,,,,,,,,,,[[Lu Qing]],,,,,Ai Weiwei,,,,,Ai<sup>4</sup> Wei<sup>4</sup>-wei<sup>4</sup>,{{Official_URL}},,''[[Sunflower Seeds (artwork)|Sunflower Seeds]]''<br />[[Beijing National Stadium]],Ngaaih Meih-meih }},
,,,,,,,Japanese Fine Arts,,,,,,{{birth date and age|1962|2|1}},,"[[Tokyo]], Japan",,,,,"Murakami at the [[Palace of Versailles]], 2010",,,,,,,,,,,[[Tokyo University of the Arts]],,,,,,Contemporary art }},,,,Takashi_Murakami_at_Versailles_Sept._2010_(crop).jpg,,,,,,,,,,,,,,,,[[Superflat]],Takashi Murakami,Japanese,,,,,,,,,,,,,,,,,,,,,,,,,,,,,,,,,,,,,,,,,,,,,,
,,,,,,,,,,,,,{{birth date and age|1955|1|21}},Jeffrey Lynn Koons,"[[York, Pennsylvania]], U.S.",,,,,Koons in 2014,,,,,,,,,,,,,,,,,,,,,Jeff Koons 01 (3x4 cropped).JPG,,,,,,,,,,,,,,,,,Jeff Koons,,,,,,,,,,,,,,,,,,,,,,,,,,,,,,,,{{plainlist| * {{marriage|[[Ilona Staller]]|1991|1994}} * Justine Wheeler }},,,,,,,,,,,,,,,
,,,,,,,,,,,,,{{Birth date and age|1965|6|7|df=y}},Damien Steven Brennan,"[[Bristol]], England",,,,,Hirst in 2021,,,,,,,,,,,,,,,,,,,,,"Damien Hirst 2 - West London studio, Jul 16, 2021.jpg",,,,,,,,{{Plainlist| * [[Collection (museum)|Diversity]] * [[Installation Art]] * [[Painting]] * [[Sculpture]] }},,,,,,,,,Damien Hirst,,,,,,,,,,,,,,,,,,,,,,,,,,,,,,,,,,,,,,,,,,,,,,,
,,,,,,,,,,,,,{{birth date and age|1954|3|12|df=y}}<ref>{{cite web |last1=Töniges |first1=Sven |title=Anish Kapoor: Master of darkness at 65 {{!}} DW {{!}} 12 March 2019 |url=https://www.dw.com/en/anish-kapoor-master-of-darkness-at-65/a-47866693 |website=DW.COM |publisher=Deutsche Welle |access-date=1 January 2020}}</ref>,Anish Mikhail Kapoor,"[[Mumbai|Bombay]], India",,,,,Kapoor in 2017,,,,,,,,,,,,,,,,,[[Sculpture]],,,{{post-nominals|country=GBR|size=100%|CBE|RA}},Anish Kapoor 2017.jpg,,,,,,,,,,,,,,,,,Sir Anish Kapoor,"Indian, British",,,,,,,,,,,,,,,,,,,,,,,,,,,,,,,,,,,,,,,,,,,,{{plainlist| * ''[[Cloud Gate]]'' * ''[[Sky Mirror]]'' * ''[[ArcelorMittal Orbit]]'' * ''[[Tees Valley Giants|Temenos]]'' }},,
,,,,,,,,,,,,,{{Birth date|df=yes|1852|6|25 }},Antoni Gaudí i Cornet,"[[Reus]] or [[Riudoms]], Catalonia, Spain<ref name=Masso74/>{{rp|17–18}}<ref name=GABC>{{cite web |ref={{Sfnref|Gaudí and Barcelona Club|2005}} |url=http://www.gaudiclub.com/ingles/i_vida/i_vida.asp |archive-url=https://web.archive.org/web/20110926212727/http://www.gaudiclub.com/ingles/i_vida/i_vida.asp |archive-date=26 September 2011 |title=Biography at Gaudí and Barcelona Club |access-date=5 November 2005 |url-status=live  }}</ref>{{rp|1}}",,,,,"Gaudí in 1878, by [[Pau Audouard]]",,,,,,,{{Death date and age|df=yes|1926|6|10|1852|6|25}},"[[Barcelona]], Catalonia, Spain",,,,,,,,,,,[[The Venerable|Venerable]],,Antoni Gaudi 1878.jpg,,,,,,,,,,,,{{hlist|[[Sagrada Família]]|[[Casa Milà]]|[[Casa Batlló]]|[[Park Güell]]|[[Church of Colònia Güell]]}} <!-- this template does not handle these parameters,,,,,Antoni Gaudí,,,,,,,,,,,,,,,,,,,,,,,Signature Antoni Gaudí.svg  --> }},,,,,,,,,,,,,,,,,,[[Catholic Church]],,{{URL|http://www.sagradafamilia.org/en/}}<br />{{URL|http://www.parkguell.cat/en/}}<br />{{URL|casabatllo.es/en/}}|,,,,
,[[University of Wisconsin–Madison]],,,,,,{{unbulleted list| [[Royal Gold Medal|RIBA Gold Medal]] | [[AIA Gold Medal]] | [[Twenty-five Year Award]] (4) | [[Order of the Star of Italian Solidarity]]}},,,,,,{{Birth date|mf=yes|1867|6|8}},,"[[Richland Center, Wisconsin]], U.S.",,,,,Wright in 1954,,"8, including [[Lloyd Wright]] and [[John Lloyd Wright]]",,,,,{{Death date and age|mf=yes|1959|4|9|1867|6|8}},"[[Phoenix, Arizona]], U.S.",,,,,,,,,,,,,Frank Lloyd Wright portrait.jpg,,,,,,,,,,,,,,,,,Frank Lloyd Wright,,,,,,,,,,,,[[Mamah Borthwick]] (1909–1914<!-- d. -->),,,,,,,,,,,Frank Lloyd Wright signature.svg }},,,,,,"{{unbulleted list| [[Fallingwater]] | [[Solomon R. Guggenheim Museum]] | [[Johnson Wax Headquarters]] | [[Taliesin (studio)|Taliesin]] | [[Taliesin West]] | [[Robie House]] | [[Imperial Hotel, Tokyo]] | [[Darwin D. Martin House]] | [[Unity Temple]] | [[Ennis House]] | [[Larkin Administration Building]] | [[Dana–Thomas House]] | [[Coonley House]] | [[Marin County Civic Center]] | [[First Unitarian Society of Madison]] | [[Price Tower]] | [[Monona Terrace]] | [[Annunciation Greek Orthodox Church]]}}",,{{unbulleted list| [[Usonia|Usonian Houses]] | [[Broadacre City]]}},{{ubl | {{marriage|Catherine Tobin|1889|1922|end=div}} | {{marriage|Miriam Noel|1923|1927|end=div}} | {{marriage|[[Olgivanna Lloyd Wright|Olga Lazović]]|1928}}}},,,,,,,,,,,,,,,
,,,,,,,{{ubl|[[AIA Gold Medal]] (1961)|[[Legion of Honour|Grand Officier of the Légion d'honneur]] (1964)}},,,,,,{{birth date|1887|10|6|df=y}},"Charles-Édouard Jeanneret-Gris<ref name=""Ministère de la Culture"">[http://www.culture.gouv.fr/public/mistral/leonore_fr?ACTION=CHERCHER&FIELD_98=NOM&VALUE_98=%27JEANNERET-GRIS%27&DOM=All Ministère de la Culture et de la Communication, Archives nationales; site de Fontainebleau, Légion d'honneur recipient, birth certificate]. Culture.gouv.fr. Retrieved on 27 February 2018.</ref>","[[La Chaux-de-Fonds]], [[Canton of Neuchâtel|Neuchâtel]], Switzerland",,,,,Le Corbusier in 1964,,,,,,,{{death date and age|1965|8|27|1887|10|6|df=y}},"[[Roquebrune-Cap-Martin]], [[Alpes-Maritimes]], France",,,,,,,,,,,,,Le Corbusier (1964).jpg,,,,,,,,,,,,,,,,,Le Corbusier,,,,,,,,,,,,,,,,,,,,,,,Le_Corbusier_signature.svg,,,,,,"[[Villa Savoye]], Poissy<br />[[Villa La Roche]], Paris<br />[[Unité d'habitation]], Marseille<br /> [[Notre-Dame du Haut]], Ronchamp<br /> Buildings in [[Chandigarh]], India",,[[Ville Radieuse]],Yvonne Galli }},,,,,,,,,,,,,,,
,[[American University of Beirut]]<br />[[Architectural Association School of Architecture]],,,,,,,,,,,,{{Birth date|df=yes|1950|10|31}},Zaha Mohammad Hadid,"[[Baghdad]], Iraq",,,,,Hadid in 2013,,,,,,,{{Death date and age|df=yes|2016|03|31|1950|10|31}},"[[Miami]], Florida, U.S.",,,,,,,,,,,[[Dame]],{{postnominals|country=GBR|DBE|RA|size=100%}},Zaha Hadid in Heydar Aliyev Cultural center in Baku nov 2013.jpg,,,,,,,,,,,,,,,,,Zaha Hadid,{{hlist|Iraq|United Kingdom}},,,,,,,,,,[[Mohammed Hadid]]<br />Wajeeha Sabonji,,,,,[[Zaha Hadid Architects]],,,,,,,,,,,,,"[[Vitra Fire Station]], [[MAXXI]], [[Bridge Pavilion]], [[Contemporary Arts Center]], [[Heydar Aliyev Center]], [[Riverside Museum]]",,,,,,,,,,,,,,{{URL|www.zaha-hadid.com}} }},,,,
,[[University of Manchester]]<br />[[Yale School of Architecture|Yale University]],,,,,,{{hlist|[[Stirling Prize]]|[[Pritzker Architecture Prize]]|[[Minerva medal]]|[[Prince of Asturias Awards|Prince of Asturias Award]]|[[HonFREng]]|Mérite Européen Gold Medal|[[AIA Gold Medal]]<ref>{{cite web |title=List of Fellows - Royal Academy of Engineering |url=https://www.raeng.org.uk/about-us/the-fellowship/list-of-fellows |website=Royal Academy of Engineering |archive-url=https://web.archive.org/web/20200521041125/https://www.raeng.org.uk/about-us/the-fellowship/list-of-fellows |access-date=23 December 2021 |archive-date=21 May 2020 |url-status=dead }}</ref>}},,,,,,{{Birth date and age|df=y|1935|6|1}},Norman Robert Foster,"[[Reddish]], [[Stockport]], England",,,,,Lord Foster in 2017,,,,,,,,,,,,,,,,,,,[[The Right Honourable]],{{Post-nominals|country=GBR|size=100%|OM|RA|HonFREng}},Norman Foster 1.jpg,,220,,,,,,,,,,,,,,,The Lord Foster of Thames Bank,,,,,,,,,,,,,,,,[[Foster + Partners]],,,,,,,,,,,,,{{hlist|[[Apple Park]]|[[30 St Mary Axe]]|[[Willis Building (Ipswich)|Willis Faber and Dumas Headquarters]]|[[Wembley Stadium]]|[[HSBC Building (Hong Kong)|HSBC Building]]|[[Reichstag building]]}},,American Air Museum at the [[Imperial War Museum Duxford]],{{plainlist | *{{marriage|[[Wendy Foster|Wendy Cheesman]]|1964|1989|end=d}} *{{marriage|Begum Sabiha Rumani Malik|1991|1995|end=div}} *{{marriage|[[Elena Ochoa Foster|Elena Fernández-Ferreiro López de Ochoa]]|1996}} }},,,,,,,,,,,{{URL|www.normanfosterfoundation.org}},,,,
,[[University of Florence]]<br />[[Polytechnic University of Milan]],,[[Giorgio Napolitano]],,,,[[Pritzker Architecture Prize]]<br />[[RIBA Gold Medal]]<br />[[Sonning Prize]]<br />[[AIA Gold Medal]]<br />[[Kyoto Prize]],,,,,,{{birth date and age|1937|9|14|df=y}},,"[[Genoa]], [[Kingdom of Italy]]",,,,,Piano in 2012,,,,,,,,,,,,,,,,,,,[[Senators for life in Italy|Senator for life]],{{post-nominals|post-noms=[[Order of Merit of the Italian Republic|OMRI]]|size=100%}},"Renzo Piano, portrait.jpg",,200px,,,,,,,,,,,,{{Infobox architect|embed=yes,,,Renzo Piano,,,,,,,Member of the [[Senate of the Republic (Italy)|Senate of the Republic]],,,,,,[[Independent politician|Independent]],,,}},,,,,,,,,,,,,{{Nowrap|[[Kansai International Airport]]<br />[[Centre Georges Pompidou]]<br />[[Parco della Musica]]<br />[[Shard London Bridge]]<br />[[The New York Times Building]]<br />[[Whitney Museum of American Art]]<br />[[Los Angeles County Museum of Art]]}},,,,,,30 August 2013,[[Senators for life in Italy|Life tenure]],,,,,,,,,,,
,{{unbulleted indent list| [[Escola Nacional de Belas Artes]] | [[Federal University of Rio de Janeiro]]}},,,,,,{{unbulleted list| 1963 [[Lenin Peace Prize]] | 1988 [[Pritzker Prize]] | 1989 [[Prince of Asturias Awards]] | 1998 RIBA [[Royal Gold Medal]] | 2004 [[Praemium Imperiale]]}},,,,,,{{Birth date|1907|12|15|df=yes}},,"[[Rio de Janeiro]], Brazil",,,,,Niemeyer in 1968,,[[Anna Maria Niemeyer|Anna Maria]],,,,,{{Death date and age|2012|12|5|1907|12|15|df=yes}},"Rio de Janeiro, Brazil",,,,,,,,,,,,,Oscar Niemeyer 1968b.jpg,,,,,,,,,,,,,,,,,Oscar Niemeyer,,,,,,,,,,,,,,,,,,,,"[[Cemitério São João Batista|São João Batista Cemetery]], Rio de Janeiro, Brazil",,,Oscar Niemeyer Signature.png }},,,,,,[[List of Oscar Niemeyer works|See list]],,[[Museum of Modern Art in Caracas]],{{unbulleted list| {{marriage|Annita Baldo|1928|2004|reason=d}} | {{marriage|Vera Lúcia Cabreira<br>|2006}}}},,,,,,,,,,,,,,,
,,,,,,,{{ubl|[[Pour le Mérite]] (1959)|[[Royal Gold Medal]] (1959)|[[AIA Gold Medal]] (1960)|[[Presidential Medal of Freedom]] (1963)}} }},,,,,,{{birth date|1886|3|27|mf=y}},Maria Ludwig Michael Mies,"[[Aachen]], [[Kingdom of Prussia]], [[German Empire]]",,,,,,,4,{{ubl|Germany (1886–1944)|United States (1944–1969)}},,,,{{death date and age|1969|8|17|1886|3|27|mf=y}},"[[Chicago, Illinois]], U.S.",,,,,,,,,,,,,Ludwig Mies van der Rohe.jpg,,,,,,,,,,,,,,,,,Ludwig Mies van der Rohe,,,,,,,,,,,,,,,,,,,,,,,,,,,,,{{ubl|[[Barcelona Pavilion]]|[[Crown Hall]]|[[Farnsworth House]]|[[Highfield House Condominium|Highfield House]]|[[IIT Main Campus]]|[[860–880 Lake Shore Drive]]|[[One Charles Center]]|[[Seagram Building]]|[[New National Gallery]]|[[Toronto-Dominion Centre]]|[[Tugendhat House]]|[[Westmount Square]]|[[Martin Luther King&nbsp;Jr. Memorial Library]]}},,,{{Marriage|Adele Auguste Bruhn|1913|1918|end=separated}},,,,,,,,,,,,,,,
,,,,,,,,,,,,,"September 3, 1856",,"[[Boston]], Massachusetts, U.S.",,,,,Sullivan in {{circa|1895}},,}},,,,,{{Death date and age|1924|4|14|1856|9|3}},"Chicago, Illinois, U.S.",,,,,,,,,,,,,Louis Sullivan circa 1895.jpg,,220,,,,,,,,,,,,,,,Louis Henry Sullivan,,,,,,Architect,,,,,,,,,,,,,,[[Graceland Cemetery]],,,,,,,,,,,,,,,,,,,,,,,,,,,
,,,,,,,,,,,,,{{birth date|df=y|1883|5|18}},Walter Adolph Georg Gropius,"[[Berlin]], [[Kingdom of Prussia]], German&nbsp;Empire",,,,,"Portrait by [[Louis Held]], {{circa|1919}}",,,,,,,{{death date and age|df=y|1969|7|5|1883|5|18}},"[[Boston]], Massachusetts, U.S.",,,,,,,,,,,,,WalterGropius-1919.jpg,,,,,,,,,,,,,,,,,Walter Gropius,,,,,,,,,,,,,,,,,,,,,,,,,,,,,,,,{{Plainlist| * {{marriage|[[Alma Mahler]]|1915|1920|end=div}} * {{marriage|Ise Gropius|1923}} }},,,,,,,,,,,,,,,
,[[Académie de la Grande Chaumière]]<br>[[Yale School of Architecture|Yale University]],,,,,,[[AIA Gold Medal]] (1962),,,,,,{{Birth date|1910|8|20}},,"[[Kirkkonummi]], [[Grand Duchy of Finland]], [[Russian Empire]]",,,,,Saarinen in 1955 or 1956,,,,,,,{{Death date and age|1961|09|01|1910|08|20}},"[[Ann Arbor, Michigan]], U.S.",,,,yes,{{infobox person,,,,,,,,Eero-Saarinen (cropped).jpg,,,,,,,,,,,,,,,,,Eero Saarinen,Finnish <br/> American (since 1940),,,,,,,,,,,,,,,,,,,,,,,,,,,,,,,{{Plainlist| * {{marriage|[[Lilian Swann Saarinen|Lilian Swann]]|1939|1954|end=div}} * {{marriage|[[Aline B. Saarinen|Aline Bernstein]]<br>|1954}} }},,,,,,,,,,,,,,,
,[[Harvard Graduate School of Design]],,,,,,[[Pritzker Prize]] (1979)<br />[[AIA Gold Medal]] (1978),,,,,,{{birth date|1906|7|8}},Philip Cortelyou Johnson,"[[Cleveland]], Ohio, U.S.",,,,,Johnson in 2002,,,,,,,{{death date and age|2005|1|25|1906|7|8}},"[[New Canaan, Connecticut]], U.S.",,,,,,,,,,,,,Philip Johnson.2002.FILARDO.jpg,,,,,,,,,,,,,,,,,Philip Johnson,,,,,,,,,,,,,,,,[[Johnson/Burgee Architects]] (established 1967),,,,,,,,,,,,,"[[Glass House]], [[Seagram Building]]'s 2 restaurants, [[550 Madison Avenue]], [[IDS Tower]], [[PPG Place]], [[Crystal Cathedral]]",,}},,,,,,,,,,,,,,,,
,[[Cornell University]],,,,,,[[Pritzker Prize]] (1984)<br />[[AIA Gold Medal]] (1997),,,,,,{{birth date and age|1934|10|12|mf=yes}},,"[[Newark, New Jersey]], U.S.",,,,,Meier in 2009,,,,,,,,,,,,,,,,,,,,,Richard Meier at the 2009 Tribeca Film Festival.jpg,,,,,,,,,,,,,,,,,Richard Meier,,,,,,,,,,,,,,,,Richard Meier & Partners,,,,,,,,,,,,,"Barcelona Museum of Contemporary Art<br /> City Hall and Central Library, The Hague<br />Getty Center, Los Angeles<br />High Museum of Art, Atlanta",,,,,,,,,,,,,,<!--{{URL|www.richardmeier.com}}--> }},,,,
,,,,,,,,,,,,,{{birth date and age|1951|7|28|df=y}},,"[[Valencia]], Spain",,,,,Calatrava in 2010,,,,,,,,,,"[[Structural engineer]], Architect, sculptor",[[Polytechnic University of Valencia]]<br />[[ETH Zurich|Swiss Federal Institute of Technology]],,,,,,,,,,Santiago Calatrava (cropped).jpg,,,,,,,[[Institution of Structural Engineers]],,,,,,,,,,Santiago Calatrava Valls,Spanish-Swiss,,,,,,,,,,,,,,,,Santiago Calatrava,,,,,,,,,,,[[European Prize for Architecture]]<br /> [[AIA Gold Medal]]<br />[[IStructE]] Gold Medal<br />[[Eugene McDermott]] Award<br />[[Prince of Asturias Award]]<br />[[Auguste Perret Prize]] }},,,[[Turning Torso]] <br />[[Athens Olympic Sports Complex]]<br />[[Auditorio de Tenerife]]<br />[[Alamillo bridge]]<br />[[Chords Bridge]]<br />[[Ciutat de les Arts i les Ciències]]<br />[[Liège-Guillemins railway station]]<br />[[Museum of Tomorrow]]<br /> [[World Trade Center station (PATH)]]<br /> [[Dubai Creek Tower]]<br /> [[St. Nicholas Greek Orthodox Church (Manhattan)]],,,,,,,,,,,,,,,,
,,,,,,,[[#Awards and honors|List of awards]],,,,,,{{birth date and age|1929|2|28}},Frank Owen Goldberg,"[[Toronto]], [[Ontario]], Canada",,,,,Gehry in 2007,,4,{{hlist|Canada|United States}},,,,<!-- {{Death date and age|YYYY|MM|DD|1929|02|28}} -->,,,,[[University of Southern California]] ([[B.Arch]]) }},,,,,,,,,{{Post-nominals|CC|size=100%}} {{post-nominals|list=[[FAIA]]|size=100%}},Turner 07 FGLecture2.JPG,,220,,,,,,,,,,,,,,,Frank Gehry,,,,,,,,,,,,,,,,"Gehry Partners, LLP",,,,,,,,,,,,,[[List of works by Frank Gehry|List of works]],,,{{Plainlist| * {{Marriage|Anita Snyder|1952|1966|reason=divorced}} * {{Marriage|Berta Isabel Aguilera|1975}}<ref>{{Cite web |date=2007-10-08 |title=Great modern buildings: Frank Gehry biography |url=http://www.theguardian.com/artanddesign/2007/oct/08/architecture |access-date=2022-06-23 |website=[[The Guardian]]|language=en}}</ref>}},,,,,,,,,,,{{URL|foga.com}},,,,
,"[[Royal Danish Academy of Fine Arts, School of Architecture]]",,,,,,}},,,,,,{{Birth date and age|1974|10|2|df=y}},Bjarke Bundgaard Ingels,"[[Copenhagen]], Denmark",,,,,Ingels in 2015,,,,,,,,,,,,,,,,,,,,,Bjarke Ingels in Frankfurt.20150617.jpg,,,,,,,,,,,,,,,,,Bjarke Ingels,,,,,,,,,,,,,,,,[[Bjarke Ingels Group]],,,,,,,,,,,,,,,,,,,,,,,,,,,,,,,
18 May 2008,[[Architectural Association School of Architecture]]<br>[[Cornell University]],,,10 June 2008,https://web.archive.org/web/20080610152121/http://www.oma.eu/index.php?option=com_content&task=view&id=23&Itemid=2,,"[[Pritzker Prize]] (2000)<br />[[Praemium Imperiale]] (2003)<br />[[Royal Gold Medal]] (2004)<br />Leone d'oro alla carriera (2010)<br/> [[Rolf Schock Prize]] (2022) }}  '''Remment Lucas Koolhaas''' ({{IPA|nl|rɛm ˈkoːlɦaːs|lang}}; born 17 November 1944) is a Dutch architect (Madelon Vriesendorp's husband), [[architectural theory|architectural theorist]], [[urbanist]] and Professor in Practice of Architecture and Urban Design at the [[Harvard Graduate School of Design|Graduate School of Design]] at [[Harvard University]]. He is often cited as a representative of [[Deconstructivism]] and is the author of ''[[Delirious New York]]: A Retroactive Manifesto for Manhattan''.<ref>{{Cite book|title=Encyclopedia of the City|url=https://archive.org/details/encyclopediacity00cave|url-access=limited|last=Caves|first=R. W.|publisher=Routledge|year=2004|isbn=978-0-415-25225-6|pages=[https://archive.org/details/encyclopediacity00cave/page/n451 411]}}</ref>  He is seen by some as one of the significant architectural thinkers and urbanists of his generation, by others as a self-important iconoclast.<ref>Michael Kimmelman, ""Why Rem Koolhaas Brought a Tractor to the Guggenheim"", ''The New York Times'', 20 February 2020, accessed online.</ref><ref>{{cite magazine|url=http://www.smithsonianmag.com/arts-culture/why-is-rem-koolhaas-the-worlds-most-controversial-architect-18254921/?all |author=Ouroussoff, Nicolai |title=Why is Rem Koolhaas the World's Most Controversial Architect? |magazine=Smithsonian Magazine |quote=Koolhaas' habit of shaking up established conventions has made him one of the most influential architects of his generation. A disproportionate number of the profession's rising stars, including [[Winy Maas]] of the Dutch firm MVRDV and [[Bjarke Ingels]] of the Copenhagen-based BIG, did stints in his office. Architects dig through his books looking for ideas; students all over the world emulate him. The attraction lies, in part, in his ability to keep us off balance. Unlike other architects of his stature, such as [[Frank Gehry]] or [[Zaha Hadid]], who have continued to refine their singular aesthetic visions over long careers, Koolhaas works like a conceptual artist—able to draw on a seemingly endless reservoir of ideas. |date=September 2012 |access-date=28 June 2016 |author-link=Nicolai Ouroussoff }}</ref><ref>{{cite web |url=http://www.archdaily.com/294970/rem-koolhaas-a-reluctant-architect |author=Quirk, Vanessa |title=Rem Koolhaas: A Reluctant Architect |publisher=ArchDaily.com |date=17 November 2012 |access-date=28 June 2016 }}</ref><ref>{{cite web |url=http://www.archdaily.com/770858/review-six-canonical-projects-by-rem-koolhaas-ingrid-bock |author=Kunkel, Patrick |title=Ingrid Böck's 'Six Canonical Projects by Rem Koolhaas' Dissects the Ideas that have Made Koolhaas' Career |publisher=ArchDaily.com |date=28 July 2015 |access-date=28 June 2016 }}</ref> In 2000, Rem Koolhaas won the [[Pritzker Prize]].<ref name=""Luxury"">{{cite book | title=Luxury Brand Management | publisher=John Wiley & Sons | author=Chevalier, Michel | year=2012 | location=Singapore | isbn=978-1-118-17176-9}}</ref> In 2008, ''[[Time (magazine)|Time]]'' put him in their top 100 of ''[[Time 100|The World's Most Influential People]]''.<ref>{{Cite news",,,,,,{{Birth date and age|1944|11|17|df=y}},Remment Lucas Koolhaas,"[[Rotterdam]], Netherlands",,,,,Koolhaas in 2013,,,,"10 October 2007}}</ref>  In 1963 at age 19, he was a journalist  for the ''[[Haagse Post]]''<ref>{{cite web |url=https://stichtingconstant.nl/system/files/20070904_koolhaas_constant-architecturaltheory.eu_.pdf |title=Koolhaas, Constant and Dutch Culture in the 1960s |last=Lootsma |first=Bart |date=4 September 2007 |website=Architecturaltheory.eu |access-date=21 October 2019 |archive-date=18 May 2023 |archive-url=https://web.archive.org/web/20230518114200/https://stichtingconstant.nl/system/files/20070904_koolhaas_constant-architecturaltheory.eu_.pdf |url-status=dead }}</ref>  before starting studies in architecture in 1968 at the [[Architectural Association School of Architecture]] in London, followed, in 1972, by further studies with [[Oswald Mathias Ungers]] at [[Cornell University]] in [[Ithaca, New York|Ithaca]], New York, followed by studies at the [[Institute for Architecture and Urban Studies]] in New York City.[[File:Rem Koolhaas SCL.jpg|thumb|Rem Koolhaas inspecting the [[Seattle Central Library]] model in 2005]]  Koolhaas first came to public and critical attention with [[Office for Metropolitan Architecture|OMA]] (The Office for Metropolitan Architecture), the office he founded in 1975 together with architects [[Elia Zenghelis]], Zoe Zenghelis and [[Madelon Vriesendorp]] in London. They were later joined by one of Koolhaas's students, [[Zaha Hadid]] – who would soon go on to achieve success in her own right. An early work which would mark their difference from the then dominant [[postmodern]] classicism of the late 1970s, was their contribution to the [[Venice Biennale]] of 1980, curated by Italian architect [[Paolo Portoghesi]], titled ""[[The Presence of the Past]]"". Each architect had to design a stage-like ""frontage"" to a [[Potemkin village|Potemkin]]-type internal street; the façades by {{Interlanguage link|Costantino Dardi|it}}, [[Frank Gehry]] and [[Office for Metropolitan Architecture|OMA]] were the only ones that did not employ [[Post-Modern]] architecture motifs or historical references. [[File:Union-europea segun rem-koolhaas.svg|thumb|Proposal for a [[barcode]] for the [[European Union]], 2002.]] Other early critically received (yet unbuilt) projects included the [[Parc de la Villette]], Paris (1982) and the residence for the [[Taoiseach|Prime Minister of Ireland]] (1979), as well as the [[Kunsthal]] in Rotterdam (1992). These schemes would attempt to put into practice many of the findings Koolhaas made in his book ''Delirious New York'' (1978),<ref>Koolhaas, Rem (1978) ''Delirious New York: A retroactive Manifesto for Manhattan'', Academy Editions, London; republished, The Monacelli Press, 1994, {{ISBN|978-1-885254-00-9}}</ref> which was written while he was a visiting scholar at the [[Institute for Architecture and Urban Studies]] in New York, directed by [[Peter Eisenman]].<ref>{{cite web|first=Valentina|last=Ciuffi|title=Rem Koolhaas is stating 'the end' of his career, says Peter Eisenman|date=9 June 2014|url=https://www.dezeen.com/2014/06/09/rem-koolhaas-at-the-end-of-career-says-peter-eisenman/|website=dezeen.com|access-date=7 August 2019}}</ref>  ==Architectural theory==  ===''Delirious New York''=== Koolhaas's book ''[[Delirious New York]]'' set the pace for his career. Koolhaas analyzes the ""chance-like"" nature of city life: ""The City is an addictive machine from which there is no escape"" ""Rem Koolhaas...defined the city as a collection of 'red hot spots'.""<ref>Klingmann, A (2007). ''Brandscapes: Architecture in the Experience Economy''. MIT Press, {{ISBN|978-0-262-51503-0}}.</ref> ([[Anna Klingmann]]).  As Koolhaas himself has acknowledged, this approach had already been evident in the Japanese [[Metabolist Movement]] in the 1960s and early 1970s.  A key aspect of architecture that Koolhaas interrogates is the ""[[brief (architecture)|Program]]"": with the rise of modernism in the 20th century the ""Program"" became the key theme of architectural design. The notion of the Program involves ""an act to edit function and human activities"" as the pretext of architectural design: epitomised in the maxim [[form follows function]], first popularised by architect [[Louis Henri Sullivan|Louis Sullivan]] at the beginning of the 20th century. The notion was first questioned in ''Delirious New York'', in his analysis of high-rise architecture in Manhattan. An early design method derived from such thinking was ""cross-programming"", introducing unexpected functions in room programmes, such as running tracks in skyscrapers. More recently, Koolhaas unsuccessfully proposed the inclusion of hospital units for the homeless into the Seattle Public Library project (2003).<ref>{{Cite web|url=http://www.archdaily.com/449282/happy-birthday-rem-koolhaas-2|title=Spotlight: Rem Koolhaas|date=17 November 2018|website=ArchDaily}}</ref>  ===Project on the city=== Koolhaas' next publications were a by-product of his position as professor at [[Harvard University]], in the [[Harvard Graduate School of Design|Design school]]'s ""Project on the City""; firstly the 720-page ''Mutations'',<ref>Koolhaas, Rem ''et al.'' (2001) ''Mutations'', Arc en rêve centre d’architecture, Bordeaux, {{ISBN|978-84-95273-51-2}}.</ref> followed by ''The Harvard Design School Guide to Shopping'' (2002)<ref>Koolhaas, Rem; Chung, Chuihua Judy; Inaba, Jeffrey and Leong, Sze Tsung (2002) ''The Harvard Design School Guide to Shopping. Harvard Design School Project on the City 2'', Taschen, New York, {{ISBN|978-3-8228-6047-2}}</ref> and ''The Great Leap Forward'' (2002).<ref>Koolhaas, Rem ''et al.'' (2002) ''The Great Leap Forward. Harvard Design School Project on the City'', Taschen, New York, {{ISBN|978-3-8228-6048-9}}</ref>  All three books published student work analysing what others would regard as ""non-cities"", sprawling conglomerates such as [[Lagos]] in Nigeria, west Africa, which the authors argue are highly functional despite a lack of infrastructure. The authors also examine the influence of shopping habits and the recent rapid growth of cities in China. Critics of the books have criticised Koolhaas for being cynical,<ref>La Cecla, Franco (2020) ""Against Urbanism"", PM Press, {{ISBN|978-1-62963-235-3}}</ref> – as if Western [[capitalism]] and [[globalization]] demolish all cultural identity – highlighted in the notion expounded in the books that ""In the end, there will be little else for us to do but shop"". Perhaps such caustic cynicism can be read as a ""realism"" about the transformation of cultural life, where airports and even museums (due to finance problems) rely just as much on operating gift shops. It does, however, demonstrate one of the architect's characteristic devices for deflecting criticism: attack the client or subject of study after completing the work.  When it comes to transforming these observations into practice, Koolhaas mobilizes what he regards as the omnipotent forces of urbanism into unique design forms and connections organised along the lines of present-day society. Koolhaas continuously incorporates his observations of the contemporary city within his design activities: calling such a condition the ‘culture of congestion’. Again, shopping is examined for ""intellectual comfort"", whilst the unregulated taste and densification of Chinese cities is analysed according to ""performance"", a criterion involving variables with debatable credibility: density, newness, shape, size, money etc.  In 2003, ''Content'', a 544-page magazine-style book designed by &&& Creative and published by Koolhaas, gives an overview of the last decade of [[Office for Metropolitan Architecture|OMA]] projects<ref>Koolhaas, Rem (2003) ''Content'', Taschen, New York, {{ISBN|978-3-8228-3070-3}}</ref> including his designs for the [[Prada]] shops,<ref name=""Luxury"" /> the [[Seattle Public Library]], a plan to save [[Cambridge, Massachusetts|Cambridge]] from Harvard by rechanneling the [[Charles River]], Lagos' future as Earth's third-biggest city, as well as interviews with [[Martha Stewart]] and [[Robert Venturi]] and [[Denise Scott Brown]].  ===''Volume''=== In 2005, Rem Koolhaas co-founded ''[[Volume Magazine]]'' together with [[Mark Wigley]] and [[Ole Bouman]]. ''Volume Magazine'' – the collaborative project by Archis (Amsterdam), AMO and C-lab ([[Columbia University]] NY) – is a dynamic experimental think tank devoted to the process of spatial and cultural reflexivity. It goes beyond architecture's definition of ‘making buildings’ and reaches out for global views on architecture and design, broader attitudes to social structures, and creating environments to live in. The magazine stands for a journalism which detects and anticipates, is proactive and even pre-emptive – a journalism which uncovers potentialities, rather than covering done deals.  === Other analysis === Koolhaas coined the phrase ""generic city"" to refer to purpose-built new towns in southeast Asia.<ref name="":1"">{{Cite book |last=Lin |first=Zhongjie |title=Constructing Utopias: China's New Town Movement in the 21st Century |date=2025 |publisher=[[Oxford University Press]] |isbn=978-0-19-779330-5 |location=New York, NY}}</ref>{{Reference page|page=21}} According to Koolhaas, such a city is ""a reflection of present need and present ability. It is big enough for everybody. It is easy, it does not need maintenance. If it gets too small it just expands. If it gets old it self destructs and renews. It is equally exciting -- or unexciting -- everywhere. It can produce a new identity every Monday morning.""<ref name="":1"" />{{Reference page|page=21}}  ==Buildings and projects== In the late 1990s he worked on the design for the new headquarters for [[Universal Pictures|Universal]].<ref>{{cite web |title=Finding aid for the OMA Universal Studios project records |url=https://www.cca.qc.ca/en/archives/219994/oma-universal-studios-project-records |website=[[Canadian Centre for Architecture]] |access-date=9 April 2020}}</ref>  Indeed, online marketing and propaganda has been a hallmark of [[Office for Metropolitan Architecture|OMA]]'s rise in the current century. It has also led to pointed criticism, such as the critique by ''New York Magazine'' critic Justin Davidson, who found the 2020 [[Solomon R. Guggenheim Museum|Guggenheim]] exhibition ''Countryside, the Future'' ""mildly amusing if it weren’t such terrible waste — of attention, of gallery square footage, of resources, talent, and expertise. Bored with being an architect and building things, Koolhaas lets his fingertips graze important topics, genuine insights, and actual lives. He treats them all as ironic bric-a-brac, meaningless souvenirs of his meanderings through a fragile world. How frustrating that the Guggenheim couldn’t force a little more intellectual rigor on this romp.""<ref>Justin Davidson, """"Farm Livin' Is the Life for Me, Ja? Rem Koolhaas tries out country life,"" ''New York Magazine,'' 24 February 2020, accessed online.</ref>  ===Architecture, fashion, and theatre=== [[File:PDRM0102.JPG|thumb|[[Prada]], Beverly Hills, California]] With his [[Prada]] projects, Koolhaas ventured into providing architecture for the fleeting world of fashion and with celebrity-studded cachet: not unlike Garnier's Opera, the central space of Koolhaas' [[Beverly Hills]] Prada store is occupied by a massive central staircase, ostensibly displaying select wares, but mainly the shoppers themselves. The notion of selling a brand rather than marketing clothes was further emphasised in the Prada store on [[Broadway (Manhattan)|Broadway]] in Manhattan, New York,<ref name=""Luxury""/> which had previously been owned by the [[Solomon R. Guggenheim Foundation|Guggenheim]]: the museum signs were not removed during the outfitting of the new store, as if emphasizing the premises as a cultural institution.<ref>Anette Baldauf (2004) ""Branded"", in ''Learning from Calvin Klein'', Umbau 21.</ref> The Broadway Prada store opened in December 2001, cost €32 million to build, and has 2,300 square meters of retail space.<ref name=""Luxury""/>  ===21st-century projects=== [[File:Beijingskyscraperpic9.jpg|thumb|[[CCTV Headquarters]], Beijing, China]] Probably the most costly and celebrated [[Office for Metropolitan Architecture|OMA]] projects of the new century were the massive [[CCTV Headquarters|Central China Television Headquarters Building]] in Beijing, China, and the new building for the [[Shenzhen Stock Exchange]].  In his design for the new CCTV Headquarters in Beijing (2009), Koolhaas did not opt for the stereotypical skyscraper, often used to symbolize and landmark such government enterprises; he patented a ""horizontal skyscraper"" in the U.S. The building, popularly called ""The Big Pants"" by Beijing residents, was designed as a series of volumes which attempt to tie together the numerous departments onto the nebulous site, but also introduce routes (again, the concept of cross-programming) for the general public through the site, allowing them some degree of access to the production procedure. An unfortunate incident that highlighted the folly of the circulation scheme (no effective fire egress for people on the upper floors), was the construction fire that nearly destroyed the building and a nearby hotel in 2009.<ref>David Flumenbaum, """"CCTV Headquarters Fire: Rem Koolhaas Building Survives Blaze,"" ''Huffington Post,'' 12 March 2009; updated 6 December 2017.</ref> In discussions of his design, Koolhaas has expressed his optimism for socialist development in China and critiqued the capitalist system for leading to architectural failure through its decentralizing of large organizations and discouragement of communication.<ref name="":Zhu"">{{Cite book |last=Zhu |first=Tao |title=Red Legacies in China: Cultural Afterlives of the Communist Revolution |date=2016 |publisher=[[Harvard University Asia Center]] |isbn=978-0-674-73718-1 |editor-last=Li |editor-first=Jie |series=Harvard Contemporary China Series |volume= |location=Cambridge, Massachusetts |chapter=Building Big With No Regret: From Beijing's ""Ten Great Buildings"" in the 1950s to China's Megaprojects Today |doi= |jstor= |editor-last2=Zhang |editor-first2=Enhua}}</ref>{{Rp|pages=78-79}}  In February 2020, his exhibition ''Countryside, The Future'' opened at the Guggenheim in New York City.<ref>{{Cite web |title=Countryside, The Future |url=https://www.guggenheim.org/exhibition/countryside |access-date=2022-06-15 |website=The Guggenheim Museums and Foundation |language=en-US}}</ref> The exhibition closed within a month, after New York City closed all its major art institutions in connection with the COVID-19 pandemic.  ==Personal life== Koolhaas was previously married to [[Madelon Vriesendorp]], an artist who is the mother of his two children, Charlie, a photographer, and Tomas, a filmmaker.<ref name=wmag>{{cite news|last=Lubow|first=Arthur|title=Rem Koolhaas Is Not a Starchitect|url=http://www.wmagazine.com/culture/art-and-design/2014/06/rem-koolhaas-venice-architecture-biennale/photos/|access-date=13 October 2015|newspaper=The W Magazine|date=9 June 2014|archive-date=12 December 2016|archive-url=https://web.archive.org/web/20161212051601/http://www.wmagazine.com/culture/art-and-design/2014/06/rem-koolhaas-venice-architecture-biennale/photos/|url-status=dead}}</ref> Koolhaas divorced Vriesendorp in 2012.<ref name="":0"">{{Cite web|url=https://www.wmagazine.com/story/rem-koolhaas-venice-architecture-biennale|title=Rem Koolhaas Is Not a Starchitect|last=Lubow|first=Arthur|website=W Magazine|date=9 June 2014 |language=en|access-date=20 December 2019|quote=Koolhaas and Blaisse have been together since 1986—not living together, she notes, “but having a life together.” Three years ago, they began sharing an apartment. Two years later, he obtained a divorce from Madelon Vriesendorp, an artist who is the mother of his two children.}}</ref> He has known his current partner [[Petra Blaisse]], an interior and landscape designer, since 1986.<ref name=wmag/><ref name="":0"" />  ==Selected projects== *Villa dall’Ava,<ref>[http://www.whatwedoissecret.org/madebyblog/2007/01/villa-dallava/ VILLA DALL’AVA]. WhatWeDoIsSecret.org (18 January 2007). Retrieved on 25 February 2015.</ref> ([[Saint-Cloud]], 1991) *Nexus World Housing (Fukuoka, 1991) *[[Kunsthal]] ([[Rotterdam]], 1992) *Euralille (Lille, 1994) *Educatorium ([[Utrecht]], 1995) *Maison à Bordeaux ([[Bordeaux]], 1998)<ref>[https://storiesofhouses.blogspot.com/#111875876221998436 Stories Of Houses]. Storiesofhouses.blogspot.com (24 February 2004). Retrieved on 20 March 2014.</ref> *[[Embassy of the Netherlands, Berlin|Embassy of the Netherlands]] ([[Berlin]], 2003) *[[McCormick Tribune Campus Center]] (Chicago, 2003) *[[Seoul National University#Museum of Art|Seoul National University Museum of Art]] ([[Seoul]], 2005) <ref>[http://www.snumoa.org/ snumoa.org]. snumoa.org. Retrieved on 20 March 2014.</ref> *[[Seattle Central Library]] ([[Seattle]], 2005) *[[Casa da Música]] ([[Porto]], 2005) *Dee and Charles Wyly Theater (Dallas, 2009) *[[CCTV Headquarters]], (Beijing, 2012) *[[De Rotterdam]] (Rotterdam, 2013) *[[Garage Museum of Contemporary Art]] (Moscow, 2014) *[[Qatar National Library]] (Doha, 2017) *[[Taipei Performing Arts Center]] ([[Taipei]], 2022)  ==Gallery== <gallery mode=""packed""> File:Villa dall'Ava.jpg|Villa dall'Ava, Paris, France, [[Office for Metropolitan Architecture|OMA]] File:Kunsthal Rotterdam.JPG|[[Kunsthal]], [[Rotterdam]], The Netherlands, OMA File:Uithof, 3584 Utrecht, Netherlands - panoramio (19).jpg|Educatorium, [[Utrecht]], The Netherlands, OMA File:MAISON À BORDEAUX.jpg|Maison à Bordeaux, France, [[Office for Metropolitan Architecture|OMA]] File:Be Dutch Embassy 01.JPG|Embassy of the Netherlands, [[Berlin]], Germany, [[Office for Metropolitan Architecture|OMA]]<br /> File:McCormick Tribune Campus Center.jpg|[[McCormick Tribune Campus Center]], Chicago, United States, [[Office for Metropolitan Architecture|OMA]]<br /> File:SCL2.JPG|[[Seattle Central Library]], [[Seattle]], United States, [[Office for Metropolitan Architecture|OMA]]<br /> File:Casa da musica.JPG|[[Casa da Música]], [[Porto]], Portugal, [[Office for Metropolitan Architecture|OMA]]<br /> File:Serpentine Gallery pavilion 2006 by Koolhaas and Balmond - geograph.org.uk - 214757.jpg|Serpentine Gallery Pavilion, London, UK, [[Office for Metropolitan Architecture|OMA]] File:Distant view of the Dee and Charles Wyly Theatre (edited).jpg|Dee and Charles Wyly Theater, [[Dallas]], US, [[Office for Metropolitan Architecture|OMA]] File:De Rotterdam, September 2019 - 01.jpg|[[De Rotterdam]], [[Rotterdam]], The Netherlands, [[Office for Metropolitan Architecture|OMA]] </gallery>  ==Bibliography== *''Project Japan. Metabolism Talks... ''(2011) (''with [[Hans Ulrich Obrist]]'')<ref>{{cite web",,,,,dmy-all }},,,,,,,,,Lynn,,,Rem Koolhaas 2013.jpg,,,,,,,,,Becker,"London}}</ref>  In 1969, Koolhaas co-wrote ''The White Slave'', a Dutch film noir, and later wrote an unproduced script for American soft-porn king [[Russ Meyer]].<ref>{{cite web",,,,,,,Rem Koolhaas,,,,,,Architect<br />[[Architectural theory|Architectural theorist]]<br />[[Urbanist]],,,,,,,,,,[[Office for Metropolitan Architecture]],,[[Office for Metropolitan Architecture]],,,,,,,,,,,[[Casa da Música]] in Porto<br />[[De Rotterdam]]<br />[[Seattle Central Library]]<br />[[Netherlands Embassy Berlin]]<br />[[China Central Television Headquarters]]<br />[[Qatar National Library]],,"[[Delirious New York]],<br /> [[S,M,L,XL]]<br />''[[Volume Magazine]]''",,,,,,SMLXL,,http://www.oma.eu/index.php?option=com_content&task=view&id=23&Itemid=2,dead,,,,Repeat: Writings on Architecture,,,
,,Black-and-white head shot of Ando,,,,,"{{ubl|[[Alvar Aalto Medal]], 1985|[[Carlsberg Architectural Prize]], 1992|[[Pritzker Prize]], 1995|[[Royal Gold Medal|RIBA Royal Gold Medal]], 1997|[[AIA Gold Medal]], 2002|[[Cal Poly Pomona College of Environmental Design|Neutra Medal for Professional Excellence]], 2012}}",,,,,,{{birth date and age|1941|9|13|df=yes}},,"[[Minato-ku, Osaka]], Japan",,,,,Ando in 2004,,,,,,,,,,,,,,,,,,,,,Tadao Ando 2004 (4x5 cropped).jpg,,220,,,,,,,,,,,,,,,Tadao Ando,,,,,,,,,,,,,,,,Tadao Ando Architects & Associates,,,,,,,,,,,,,"{{ubl|[[Row House in Sumiyoshi|Row House]], Sumiyoshi, 1979| [[Church of the Light]], Osaka, 1989|Water Temple, Awaji, 1991}}",}},"Rokko Housing I, II, III, Kobe, 1983-1999",,,,,,,,,,,,,,,,
,{{plainlist| * [[University of Tokyo]] * [[Columbia University]]}},,,,,,,,,,,,{{Birth date and age|1954|8|8}},,"[[Yokohama]], Japan",,,,,Kengo Kuma (2014),,,,,,,<!-- {{Death date and age|YYYY|MM|DD|YYYY|MM|DD}} (death date then birth date) -->,,,,,,,,,,,,,,Kengo Kuma at Strelka Institute.jpg,,,,,,,,,,,,,,,,,Kengo Kuma,Japanese,隈 研吾,,,,,,,,,,,,,,,,,,,,,,,,,,,,,,[[Satoko Shinohara]] }},,,,,,,,,,,,,,,
,[[University of Tokyo]] (1954 and 1961),,,,,,"{{unbulleted list| 1986 [[Royal Gold Medal]] | 2019 [[Pritzker Prize]]<ref name=""auto"">{{cite web |last1=Allen |first1=Katherine |title=Arata Isozaki Named 2019 Pritzker Prize Laureate |url=https://www.archdaily.com/912450/arata-isozaki-named-2019-pritzker-prize-laureate |website=ArchDaily |date=5 March 2019 |access-date=5 March 2019}}</ref>}} }}",,,,,,"{{birth date|1931|07|23|df=y}}<ref name=""arata"">{{cite web |last1=Goodwin |first1=Dario |title=Spotlight: Arata Isozaki |url=https://www.archdaily.com/529896/spotlight-arata-isozaki |website=ArchDaily |access-date=4 March 2019}}</ref>",,"[[Ōita (city)|Ōita]], [[Empire of Japan|Japan]]",,,,,Isozaki in 2013,,,,,,,{{death date and age|2022|12|28|1931|07|23|df=y}},"[[Naha]], [[Okinawa Prefecture]], Japan <ref name=""nyt"" />",,,,,,,,,,,,,"ARATA ISOZAKI, ARCHITECT 01.jpg",,,,,,,,,,,,,,,,,Arata Isozaki,Japanese,,,,,,,,,,,,,,,,,,,,,,,,,,,,{{unbulleted list| Festival Plaza at EXPO70 | Art Tower Mito | LA’s Museum of Contemporary Art }},,,Aiko Miyawaki,,,,,,,,,,,,,,,
,,,,,,,[[Rolf Schock Prize]] (2005)<br>[[Pritzker Prize]] (2010)<br>[[Royal Gold Medal|RIBA Royal Gold Medal]] (2025) }},,,,,,{{birth date and age|1956|10|29|df=y}},,"[[Hitachi, Ibaraki|Hitachi]], [[Ibaraki Prefecture]], Japan",,,,,Sejima in 2014,,,,,,,,,,,,,,,,,,,,,Canopy_Gathering_Space_(Kazuyo_Sejima)_(15137242547)_cropped.jpg,,,,,,,,,,,,,,,,,Kazuyo Sejima,Japanese,,,,,,,,,,,,,,,Kazuyo Sejima and Associates (1987–1995) <br> [[sanaa (firm)|SANAA]] (since 1995),,,,,,,,,,,,,,,,,,,,,,,,,,,,,,,
,[[Cooper Union|Cooper Union for the Advancement of Science and Art]],"Portrait of Shigeru Ban, a Japanese architect with black hair and light mustache wearing a dark shirt",,,,,Pritzker Prize (2014),,,,,,{{birth date and age|df=yes|1957|8|5}},,"[[Tokyo]], Japan",,,,,"Shigeru Ban, 2011",,,,,,,,,,,,,,,,,,,,,Shigeru Ban.jpg,,,,,,,,,,,,,,,,,Shigeru Ban,Japanese,,,,,,,,,,,,,,,,,,,,,,,,,,,,"{{Plainlist| * [[Centre Pompidou-Metz]], France * [[Cardboard Cathedral]], [[Christchurch]], New Zealand * [[Aspen Art Museum]], U.S.<ref name=""Aspen"">{{cite web| url = http://www.dezeen.com/2014/08/06/shigeru-ban-aspen-art-museum-opens/| title = Shigeru Ban's Aspen Art Museum opens| date = 6 August 2014| access-date = 25 August 2014| publisher = Dezeen.com}}</ref> }}",,,Masako Ban,,,,,,,,,,,,,,,
,[[University of Tokyo]] [[École Spéciale d'Architecture]],,,,,,,,,,,,{{birth year and age|1971}}<!-- {{Birth date and age|1971|MM|DD}} -->,,"[[Higashikagura, Hokkaido|Higashikagura]], [[Hokkaido]], Japan",,,,,(2009),,,,,,,<!-- {{Death date and age|YYYY|MM|DD|1971|MM|DD}} (death date then birth date) -->,,,,,,,,,,,,,,Sou Fujimoto 2009.jpg,,,,,,,,,,,,,,,,,Sou Fujimoto,Japanese,藤本 壮介,ja,,,Architect,,Sou Fujimoto Architects,,,,<!-- unmarried life partner; use ''Name (1950–present)'' -->,,,,,,,,,,,,,,,,,,,,,,,,,,,,,,,{{URL|www.sou-fujimoto.net}} }},,,,
,{{ubl|[[Kyoto University]]|[[University of Tokyo]]}},,,,,,}},,,,,,{{birth date|1934|4|8|df=yes}},,"[[Kanie|Kanie, Aichi]], [[Empire of Japan]]",,,,,,,,,,,,{{death date and age|2007|10|12|1934|4|8|df=yes}},"[[Tokyo]], Japan",,,,,,,,,,,,,黒川紀章.jpg,,,,,,,,,,,,,,,,,Kisho Kurokawa,,,,,,,,,,,,,,,,,,,,,,,,,,,,,"Nakagin Capsule Tower, The National Art Center (Tokyo), Nagoya City Art Museum, Kuala Lumpur International Airport",,,,,,,,,,,,,,,,,,
,,,,,,,,,,,,,{{Birth date|df=yes|1898|2|3}},Hugo Alvar Henrik Aalto,"[[Kuortane]], Finland",,,,,Aalto in 1960,,,,,,,{{Death date and age|df=yes|1976|5|11|1898|2|3}},"[[Helsinki]], Finland",,,,,,,,,,,,,File:Alvar Aalto1.jpg,,,,,,,,,,,,,,,,,Alvar Aalto,,,,,,,,,,,,,,,,,,,,,,,,,,,,,,,,{{plainlist| * {{marriage|[[Aino Aalto|Aino Marsio]]|1925|1949|end=died}} * {{marriage|[[Elissa Aalto|Elissa Mäkiniemi]]|1952}} }},,,,,,,,,,,,,,,
,,,,,,,,,,,,,24 June 1888,Gerrit Thomas Rietveld,"[[Utrecht (city)|Utrecht]], Netherlands",,,,,Rietveld in 1962,,,,,,,{{death date and age|df=yes|25 June 1964|24 June 1888}},"Utrecht, Netherlands",,,,,,,,,,,,,Gerrit Thomas Rietveld.jpg,,,,,,,,,,,,,,,,,Gerrit Rietveld,,,,,,Furniture designer and architect }},,,,,,,,,,,,,,,,,,,,,,,,,,,,,,,,,,,,,,,,,
,{{plainlist| * [[Architectural Association <!-- School of Architecture -->]] * [[Yale School of Architecture]] }},,,,,,,,,,,,{{birth date|df=yes|1933|7|23}},Richard George Rogers,"[[Florence]], Tuscany, Italy",,,,,Rogers in 2008,,,,,,,{{death date and age|df=yes|2021|12|18|1933|7|23}},"London, England",,,,,,,,,,,[[The Right Honourable]],{{postnominals|country=GBR|CH|FRIBA|FCSD|HonFREng|RA|size=100%}},Richard Rogers - Portrait 2008 (3x4 cropped).jpg,,,,,,,,,,,,,,,,,The Lord Rogers of Riverside,British and Italian,,,,,,,,,,,,,,,,,,,,,,,,,,,,,,,,,,,,,,,,,,,,,,
,[[University of Tokyo]] }},,,,,,Pritzker Prize (2013),,,,,,{{Birth date and age|1941|06|01|df=y}},,"[[Keijō]], [[Japanese Korea]]",,,,,"Ito, at a lecture in April 2009",,,,,,,,,,,,,,,,,,,,,Toyo Ito 2009.jpg,,,,,,,,,,,,,,,,,Toyo Ito,Japanese,,,,,,,,,,,,,,,Toyo Ito & Associates,,,,,,,,,,,,,,,,,,,,,,,,,,,{{URL|http://www.toyo-ito.co.jp/}},,,,
,,,,,,,,,,,,,{{birth date|1862|7|14|df=y}},,"[[Baumgarten, Vienna|Baumgarten]], {{nowrap|[[Austrian Empire]]}}",,,,,Photographic portrait from 1914,,,,,,,{{death date and age|1918|2|6|1862|7|14|df=y}},"Vienna, {{nowrap|[[Austria-Hungary]]}}",,,,,,,,,[[Painting|Painter]],,,,Klimt.jpg,,,,,,,,,,,,,,,,"[[Symbolist painting|Symbolism]], [[Art Nouveau]], [[Vienna Secession]]",Gustav Klimt,,,,,"''[[Judith I]]'', ''[[Portrait of Adele Bloch-Bauer I]]'', ''[[The Kiss (Klimt painting)|The Kiss]]'', ''[[Danaë (Klimt painting)|Danaë]]'' }}",,,,,,,[[Emilie Louise Flöge]],,,,,,,,"[[Hietzing Cemetery]], Vienna",,,"Klimt, Gustav Signatur Signatur.jpg",,,,,,,,,,,,,,,,,,,,,,,,
,,,,,,,,,,,,,{{birth date|1886|03|01|df=y}},,"[[Pöchlarn]], Austria-Hungary",,,,,Oskar Kokoschka in 1963,,,,,,,{{Death date and age|1980|02|22|1886|03|01|df=y}},"[[Montreux]], Switzerland",,,,,,,,,"[[Painting]], [[printmaking]], [[poetry]], [[play writing]]",,,{{postnom|country=GBR|size=100|CBE}},Oskar Kokoschka (1963) by Erling Mandelmann.jpg,,,,,,,,,,,,,,,,[[Expressionism]],Oskar Kokoschka,{{ubl|Austrian|Czechoslovak|British}},,,,,,,,,,,,,,,,,,,,,,Kokoschka autograph.png }},,,,,,,,,,,,,,,,,,,,,,,,
,,,,,,,"Legion of Honor (France), Knight of the Order of Franz Joseph I (Austria)",,,,,,{{Birth date|1860|07|24|df=y}},Alfons Maria Mucha,"[[Ivančice]], [[Margraviate of Moravia]], [[Austrian Empire]]",,,,,Mucha in his studio in {{circa|1899}},,,,,,,{{death date and age|1939|07|14|1860|07|24|df=y}},"[[Prague]], [[Protectorate of Bohemia and Moravia]]",,,,,,,,,"Painting, illustration, decorative art, architecture",,,,Alfons Mucha in Studio (c. 1899).jpg,,,,,,,,,,,,,,{{Infobox person | embed = yes,,[[Art Nouveau]],Alphonse Mucha,,,,,,,,,,,,,,,,,,,,,,,Alfons_Mucha_signature_from_letter.svg,}},,,,,,,,,,,,,,[[Munich Academy of Fine Arts]]<br />{{lang|fr|[[Académie Julian]]|italic=no}}<br />[[Académie Colarossi]],,,,,,,''[[The Slav Epic]]'' (''Slovanská epopej''),,
,,,,,,,,,,,,,{{birth date|df=yes|1864|11|24}},Henri Marie Raymond de Toulouse-Lautrec-Monfa,"[[Albi]], [[Second French Empire]]",,,,,Toulouse-Lautrec in 1894,,,,,,,{{death date and age|df=yes|1901|9|9|1864|11|24}},"[[Saint-André-du-Bois]], [[French Third Republic]]",,,[[René Princeteau]]<br />[[Léon Bonnat]]<br />[[Fernand Cormon]],,,,,,"Painting, printmaking, drawing, draughting, illustration",,,,Photolautrec.jpg,,,,,,,,,,,,,,{{Infobox person|child=yes,,"[[Post-Impressionism]], [[Art Nouveau]]",Henri de Toulouse-Lautrec,,,,,,,,,,,,,,,,,,,,Cimetière de Verdelais,,,"Toulouse-Lautrec-Monfa, Henri Marie Raymond de 1864-1901 13 Signature.jpg}} }}",,,,,,,,,,,,,,,,,,,,,,''[[At the Moulin Rouge]]''<br />''[[Le Lit (Toulouse-Lautrec)|Le Lit]]''<br />''[[La Toilette (Toulouse-Lautrec)|La Toilette]]'',,
,,,,,,,,,,,,,{{birth date|df=yes|1832|1|23}},,"Paris, France",,,,,"Portrait photograph by [[Nadar]], c. 1866–1867",,,,,,,{{death date and age|df=yes|1883|4|30|1832|1|23}},"Paris, France",,,{{ubl|[[Collège-lycée Jacques-Decour]]|[[Académie Suisse]]}},,,,,,"Painting, [[printmaking]]",,,,"Édouard Manet, en buste, de face - Nadar.jpg",,,,,,,,,,,,,,,,"[[Realism (arts)|Realism]], [[Impressionism]]",Édouard Manet,,,,,,,,,,,,,,,,,,,,"[[Passy Cemetery]], Paris",,,"Manet, Edouard 05 1832-1883 Signature.jpg }}",,,,,,,,,{{marriage|[[Suzanne Manet|Suzanne Leenhoff]]|1863}},,,,,,,,,,,,,"{{ubli|[[Le Déjeuner sur l'herbe|''The Luncheon on the Grass'']] ({{lang|fr|Le déjeuner sur l'herbe}}), 1863|''[[Olympia (Manet)|Olympia]]'', 1863|''[[A Bar at the Folies-Bergère]]'' ({{lang|fr|Un Bar aux Folies-Bergère}}), 1882|''Young Flautist'' or ''[[The Fifer]]'' ({{lang|fr|Le Fifre}}), 1866}}",,
,,,,,,,,,,,,,{{birth date|df=yes|1841|2|25}},,"[[Limoges]], France",,,,,"Renoir, {{circa|1875}}",,"3, including [[Pierre Renoir|Pierre]] and [[Jean Renoir|Jean]]",,,,,{{death date and age|df=yes|1919|12|3|1841|2|25}},"[[Cagnes-sur-Mer]], France",,,,,,,,,,,,,"Pierre Auguste Renoir, uncropped image.jpg",,270px,,,,,,,,,,,,,,[[Impressionism]],Pierre-Auguste Renoir,,,,,,,,,,,,,,,,,,,[[Claude Renoir]] (grandson),,,,"Renoir, Pierre-Auguste 1841-1919 15 Signature.jpg }}",,,,,,,,,{{marriage|[[Aline Charigot]]|1890|1915|end=died}},,,,,,,,,,,,,"''[[Bal du moulin de la Galette]]'', 1876<br />''[[Luncheon of the Boating Party]]'', 1880<br />''[[Pink and Blue (Renoir)|Pink and Blue]]'', 1881<br />''[[Girls at the Piano]]'', 1892<br />''[[Nude (Renoir, Belgrade, 1910)|Nude]]'', 1910",,
,,,,,,,,,,,,,{{birth date|1830|7|10|df=y}},Jacob Abraham Camille Pissarro,"[[Charlotte Amalie, United States Virgin Islands|Charlotte Amalie]], Saint Thomas, [[Danish West Indies]]",,,,,"Camille Pissarro, {{Circa|1900}}",,,,,,,{{death date and age|df=yes|1903|11|13|1830|7|10}},"Paris, France",,,,,,,,,Painting,,,,Pissarro-portrait.jpg,,,,,,,,,,,,,,{{Infobox person|child=yes,,[[Impressionism]]<br>[[Post-Impressionism]],Camille Pissarro,"Danish, French",,,,,,,,,,,,,,,,,,,,,,Pissarro autograph.svg}} }},,,,,,,,,,,,,,,,,,,,,,,,
,,,,,,,,,,,,,{{birth date|df=yes|1848|6|7}},Eugène Henri Paul Gauguin,"Paris, France",,,,,Gauguin in 1891,,,,,,,{{death date and age|df=yes|1903|5|8|1848|6|7}},"[[Atuona]], [[Marquesas Islands]]",,,,,,,,,{{cslist|Painting|sculpture|[[ceramic art|ceramics]]|[[engraving]]}},,,,Paul Gauguin 1891.png,,,,,,,,,,,,,,,,{{cslist|[[Post-Impressionism]]|[[Primitivism]]|[[Synthetism]]}},Paul Gauguin,,,,,,,,,,,,,,,,,,,,,,,,,,,,,,,,{{ubl|{{marriage|Mette-Sophie Gad|1873|1894|end=separated}}|{{marriage|[[Teha'amana]]|1891|1893|end=separated}}}},,,,,,,,,,,,,{{unbulleted list,,
,,,,,,,,,,,,,{{birth date|df=yes|1859|12|2}},Georges-Pierre Seurat,"[[Paris]], France",,,,,Seurat in 1888,,2,,,,,{{death date and age|df=yes|1891|3|29|1859|12|2}},"Paris, France",,,,,,,,,Painting,,,,Georges Seurat 1888.jpg,,,,,,,,,,,,,,{{Infobox person|child=yes,,"[[Post-Impressionism]], [[Neo-Impressionism]], [[Pointillism]]",Georges Seurat,,,,,,,,,,,,Madeleine Knobloch,,,,,,,,,,,"Seurat, Georges 1859-1891 05 Signature.jpg}} }}",,,,,,,,,,,,,,,,,,,,,,''[[A Sunday Afternoon on the Island of La Grande Jatte]]''<br />''[[Bathers at Asnières]]''<br>''[[Parade de cirque]]'',,
,,Henri Rousseau,,,,,,,,,,,{{Birth date|df=yes|1844|5|21}},Henri Julien Félix Rousseau,"[[Laval, Mayenne|Laval]], France",,,,,Rousseau in 1907 by [[Dornac]],,,,,,,{{Death date and age|df=yes|1910|9|2|1844|5|21}},"[[Paris]], France",,,,,,,,,[[Painting]],,,,Rousseau Joyeux Farceurs Dornac crop.jpg,,250px,,,,,,,,,,,,,,"[[Post-Impressionism]], [[Naïve art]], [[Primitivism]]",Henri Rousseau,French,,,,,,,,,,,,,,,,,,,,,,Rousseau Henri autograph cropped.png }},,,,,,,,,,,,,,,Self-taught,,,,,,,"''[[The Sleeping Gypsy]]'', ''[[Tiger in a Tropical Storm]]'', ''[[The Hungry Lion Throws Itself on the Antelope]]'', ''[[Boy on the Rocks]]''",,
,,,,,,,,,,,,,"{{Birth date|1887|07|06|df=y}}<!-- 24 June 1887 O.S. is equivalent to 6 July 1887 N.S., not 7 July; DO NOT CHANGE THIS WITHOUT READING NOTE 1 AND DISCUSSING AT TALK -->",Moishe Shagal,"[[Liozna]], Russian Empire<ref name=""Harshav1"">{{Cite web|title=Chagall, Marc|url=https://yivoencyclopedia.org/article.aspx/Chagall_Marc|first=Benjamin|last=Harshav|access-date=16 June 2023|website=The Yivo Encyclopedia of Jews in Eastern Europe}}</ref>",,,,,"Chagall, {{circa|1920}}",,,,,,,{{Death date and age|df=yes|1985|03|28|1887|07|06}},"[[Saint-Paul-de-Vence]], France",,,,,,,,,,,,,Shagal Choumoff.jpg,,,0.9,,,,,{{Flatlist| * Painting * [[stained glass]] }},,,,,,,,,Marc Chagall,"Russian, later French<ref name=""Harshav2"">Harshav, Benjamin. ""Marc Chagall and his times: a documentary narrative"". ''Contraversions: Jews and Other Differences'' (1st ed.). [[Stanford University]] Press. August 2003. {{ISBN|0804742146}}.</ref>",,,,,,,,,,,,,,,,,,,,,,,,,,,,,,,,,,,,,,,,,,,,,,
,,,,,,,,,,,,,{{Birth date|1880|2|8|df=y}},Franz Moritz Wilhelm Marc,"[[Munich]], [[Kingdom of Bavaria|Bavaria]], [[German Empire]]",,,,,Franz Marc in 1910,,,,,,[[Killed in action]] at the [[Battle of Verdun]],{{Death date and age|1916|3|4|1880|2|8|df=y}},"[[Braquis]], France",,,,,,,,,[[Painting]],,,,FranzMarc.jpg,,,1,,,,,,,,,,,{{Infobox person|embed=yes,,[[Expressionism]],Franz Marc,,,,,,,,,,,,,,,,,,,,,,,Marc autograph.png }},,,,,,,,,,,,,,,"[[Academy of Fine Arts, Munich]]",,,,,,,''[[The Tower of Blue Horses]]''<br> ''[[Yellow Cow]]''<br>''[[Der Blaue Reiter]]''<br>[[Blue Horse I]]<br>''[[Blue Horses]]''<br>[[List of works by Franz Marc|List of works]],,
,,,,,,,[[Praemium Imperiale]],,,,,,{{Birth date|1908|2|29|mf=y}},Balthasar Klossowski,"Paris, France",,,,,Balthus by [[Damian Pettigrew]] (1996),,"Stanislas Klossowski de Rola, Thaddeus Klossowski de Rola, [[Harumi Klossowska de Rola]]",,,,,{{death date and age|mf=yes|2001|2|18|1908|2|29}},"[[Rossinière]], Switzerland",,,,,,,,,"[[Painting]], [[drawing]], [[watercolor]]",,,,BalthusFace.jpg,,200px,,,,,,,,,,,,,,,Balthus,,Balthasar Klossowski de Rola,,,,,,,,,,,,,,,,,,,,,,,,,,,,,,"Antoinette de Watteville (Married 1937 - Divorced 1966), [[Setsuko Klossowska de Rola]] (Married 1967) }}",,,,,,,,,,,,,''The Street'' (1933–35)<br />''The Mountain'' (1937)<br/>''[[Nude Before a Mirror]]'' (1955),,
,,"Black-and-white photo of Edward Hopper in 1937, seated and facing left",,,,,,,,,,,{{birth date|1882|07|22}},Edward Hopper,"[[Nyack, New York]], U.S.",,,,,Hopper in 1937,,,,,,,{{death date and age|1967|05|15|1882|07|22}},"[[Manhattan]], New York City, U.S.",,,,,,,,,"Painting, printmaking",,,,"Edward Hopper, New York artist LCCN2016871478 (cropped).jpg",,,1,,,,,,,,,,,,,Realism,Edward Hopper,,,,,,,,,,,,,,,,,,,,,,,,,,,,,,,,,,,,,,[[Parsons School of Design]],,,,,,,{{Plainlist| * ''[[Automat (Hopper)|Automat]]'' (1927) * ''[[Chop Suey (Hopper)|Chop Suey]]'' (1929) * ''[[Nighthawks (Hopper)|Nighthawks]]'' (1942) * ''[[Office in a Small City]]'' (1953) }},,
,,,,,,,}},,,,,,{{Birth date|1856|1|12|mf=y}},,"[[Florence]], Tuscany",,,,,Sargent in 1903,,,,,,,{{Death date and age|1925|4|15|1856|1|12|mf=y}},"London, England",,,,,,,,,Painting,,,,John Singer Sargent 1903.jpg,,,,,,,,,,,,,,,,[[Impressionism]],John Singer Sargent,American,,,,,,,,,,,,,,,,,,,[[Brookwood Cemetery]],{{Coord|51.297651|-0.624693|type:landmark_region:GB-SRY|display=inline|format=dms}},,,,,,,,,,,,,,,,,{{lang|fr|[[École nationale supérieure des Beaux-Arts]]|italic=no}},,,,,,,{{unbulleted list|,,
,,,,,,,}},,,,,,{{Birth date|1836|02|24}},,"[[Boston]], Massachusetts, U.S.",,,,,Homer in 1880,,,,,,,{{Death date|1910|09|29}}<br />(aged 74),"[[Prouts Neck]], [[Scarborough, Maine]], U.S.",,,,,,,,,,,,,Winslow Homer by Sarony.jpeg,,,,,,,,[[Drawing]]<br />[[Wood engraving]]<br />[[Oil painting]]<br />[[Watercolor painting]],,,,,,,,"[[Realism (visual arts)|Realism]], [[American Realism]]",Winslow Homer,,,,,''[[Harper's Weekly|Harper's Weekly Magazine]]''<br />''[[Ballou's Pictorial|Ballou's Pictorial Magazine]]''<br />''[[Snap the Whip]]''<br />''[[The Veteran in a New Field]]''<br />''[[Breezing Up (A Fair Wind)]]'',,,,,,,,,,,,,,,,,,,,,,,,,,,,,,,,,"[[Lithography]] [[apprenticeship]], 1855–56<br />''[[National Academy of Design]]'' (painting), 1863<br />[[Paris]] (informal), 1867",,,,,,,,,
,,,,,,,,,,,,,{{birth date|1844|5|22}},Mary Stevenson Cassatt,"[[Allegheny, Pennsylvania|Allegheny]], [[Pennsylvania]], [[United States]]",,,,,"Cassatt seated in a chair with an umbrella, 1913. Verso reads ""The only photograph for which she ever posed.""",,,,,,,{{death date and age|1926|6|14|1844|5|22}},"near [[Paris]], [[French Third Republic|France]]",,,"[[Pennsylvania Academy of the Fine Arts]],<br /> [[Jean-Léon Gérôme]], [[Charles Joshua Chaplin|Charles Chaplin]], [[Thomas Couture]]",,,,,,,,,,Mary Cassatt photograph 1913.jpg,,,,,,,,"[[Painting]], printmaking",,,,,,,,[[Impressionism]],Mary Cassatt,,,,,,,,,,,,,,,,,,,,,,,Redone Mary Cassatt sig.jpg,,,,,,,,,,,,,,,,,,,,,,}},,
,,,,,,,,{{birth date|df=yes|1727|5|14}},,,,,,,"[[Sudbury, Suffolk]], England",,,,,''[[Self-Portrait (Gainsborough)|Self-Portrait]]'' (1759),,"2, including [[Mary Gainsborough|Mary]]",,,,,{{Death date and age|df=yes|1788|8|2|1727|5|14}},"[[London]], England",,,,,,,,,{{ubl|[[Landscape painting]]|[[Portrait painting]]}},,,{{postnominals|country=GBR|RA|FRSA|size=100%}},Thomas Gainsborough by Thomas Gainsborough.jpg,,,,,,,,,,,,,,,,[[Rococo]],Thomas Gainsborough,,,,,,,,,,,,,,,,,,,,"[[St Anne's Church, Kew]] }}",,,,,,,,,,,,{{marriage|Margaret Burr|1746}},,,,,,"[[Hubert-François Gravelot]], [[Francis Hayman]]",,,,,,,''[[Mr and Mrs Andrews]]''<br />''[[The Blue Boy]]'',,
